name	type	units	low_cutoff	high_cutoff	sampling_frequency	reference	status	notes	source_label
A1	SEEG	µV	1	250	1000.0	white-matter contact (per article)	good	n/a	A1
A2	SEEG	µV	1	250	1000.0	white-matter contact (per article)	good	n/a	A2
A3	SEEG	µV	1	250	1000.0	white-matter contact (per article)	good	n/a	A3
A4	SEEG	µV	1	250	1000.0	white-matter contact (per article)	good	n/a	A4
A5	SEEG	µV	1	250	1000.0	white-matter contact (per article)	good	n/a	A5
A6	SEEG	µV	1	250	1000.0	white-matter contact (per article)	good	n/a	A6
A7	SEEG	µV	1	250	1000.0	white-matter contact (per article)	good	n/a	A7
A8	SEEG	µV	1	250	1000.0	white-matter contact (per article)	good	n/a	A8
A9	SEEG	µV	1	250	1000.0	white-matter contact (per article)	good	n/a	A9
A10	SEEG	µV	1	250	1000.0	white-matter contact (per article)	good	n/a	A10
A11	SEEG	µV	1	250	1000.0	white-matter contact (per article)	good	n/a	A11
A12	SEEG	µV	1	250	1000.0	white-matter contact (per article)	good	n/a	A12
B1	SEEG	µV	1	250	1000.0	white-matter contact (per article)	good	n/a	B1
B2	SEEG	µV	1	250	1000.0	white-matter contact (per article)	good	n/a	B2
B3	SEEG	µV	1	250	1000.0	white-matter contact (per article)	good	n/a	B3
B4	SEEG	µV	1	250	1000.0	white-matter contact (per article)	good	n/a	B4
B5	SEEG	µV	1	250	1000.0	white-matter contact (per article)	good	n/a	B5
B6	SEEG	µV	1	250	1000.0	white-matter contact (per article)	good	n/a	B6
B7	SEEG	µV	1	250	1000.0	white-matter contact (per article)	good	n/a	B7
B8	SEEG	µV	1	250	1000.0	white-matter contact (per article)	good	n/a	B8
B9	SEEG	µV	1	250	1000.0	white-matter contact (per article)	good	n/a	B9
B10	SEEG	µV	1	250	1000.0	white-matter contact (per article)	good	n/a	B10
B11	SEEG	µV	1	250	1000.0	white-matter contact (per article)	good	n/a	B11
B12	SEEG	µV	1	250	1000.0	white-matter contact (per article)	good	n/a	B12
B13	SEEG	µV	1	250	1000.0	white-matter contact (per article)	good	n/a	B13
B14	SEEG	µV	1	250	1000.0	white-matter contact (per article)	good	n/a	B14
B15	SEEG	µV	1	250	1000.0	white-matter contact (per article)	good	n/a	B15
B16	SEEG	µV	1	250	1000.0	white-matter contact (per article)	good	n/a	B16
C1	SEEG	µV	1	250	1000.0	white-matter contact (per article)	good	n/a	C1
C2	SEEG	µV	1	250	1000.0	white-matter contact (per article)	good	n/a	C2
C3	SEEG	µV	1	250	1000.0	white-matter contact (per article)	good	n/a	C3
C4	SEEG	µV	1	250	1000.0	white-matter contact (per article)	good	n/a	C4
C5	SEEG	µV	1	250	1000.0	white-matter contact (per article)	good	n/a	C5
C6	SEEG	µV	1	250	1000.0	white-matter contact (per article)	good	n/a	C6
C7	SEEG	µV	1	250	1000.0	white-matter contact (per article)	good	n/a	C7
C8	SEEG	µV	1	250	1000.0	white-matter contact (per article)	good	n/a	C8
C9	SEEG	µV	1	250	1000.0	white-matter contact (per article)	good	n/a	C9
C10	SEEG	µV	1	250	1000.0	white-matter contact (per article)	good	n/a	C10
C11	SEEG	µV	1	250	1000.0	white-matter contact (per article)	good	n/a	C11
C12	SEEG	µV	1	250	1000.0	white-matter contact (per article)	good	n/a	C12
C13	SEEG	µV	1	250	1000.0	white-matter contact (per article)	good	n/a	C13
C14	SEEG	µV	1	250	1000.0	white-matter contact (per article)	good	n/a	C14
C15	SEEG	µV	1	250	1000.0	white-matter contact (per article)	good	n/a	C15
C16	SEEG	µV	1	250	1000.0	white-matter contact (per article)	good	n/a	C16
D1	SEEG	µV	1	250	1000.0	white-matter contact (per article)	good	n/a	D1
D2	SEEG	µV	1	250	1000.0	white-matter contact (per article)	good	n/a	D2
D3	SEEG	µV	1	250	1000.0	white-matter contact (per article)	good	n/a	D3
D4	SEEG	µV	1	250	1000.0	white-matter contact (per article)	good	n/a	D4
D5	SEEG	µV	1	250	1000.0	white-matter contact (per article)	good	n/a	D5
D6	SEEG	µV	1	250	1000.0	white-matter contact (per article)	good	n/a	D6
D7	SEEG	µV	1	250	1000.0	white-matter contact (per article)	good	n/a	D7
D8	SEEG	µV	1	250	1000.0	white-matter contact (per article)	good	n/a	D8
D9	SEEG	µV	1	250	1000.0	white-matter contact (per article)	good	n/a	D9
D10	SEEG	µV	1	250	1000.0	white-matter contact (per article)	good	n/a	D10
D11	SEEG	µV	1	250	1000.0	white-matter contact (per article)	good	n/a	D11
D12	SEEG	µV	1	250	1000.0	white-matter contact (per article)	good	n/a	D12
D13	SEEG	µV	1	250	1000.0	white-matter contact (per article)	good	n/a	D13
D14	SEEG	µV	1	250	1000.0	white-matter contact (per article)	good	n/a	D14
D15	SEEG	µV	1	250	1000.0	white-matter contact (per article)	good	n/a	D15
D16	SEEG	µV	1	250	1000.0	white-matter contact (per article)	good	n/a	D16
E1	SEEG	µV	1	250	1000.0	white-matter contact (per article)	good	n/a	E1
E2	SEEG	µV	1	250	1000.0	white-matter contact (per article)	good	n/a	E2
E3	SEEG	µV	1	250	1000.0	white-matter contact (per article)	good	n/a	E3
E4	SEEG	µV	1	250	1000.0	white-matter contact (per article)	good	n/a	E4
E5	SEEG	µV	1	250	1000.0	white-matter contact (per article)	good	n/a	E5
E6	SEEG	µV	1	250	1000.0	white-matter contact (per article)	good	n/a	E6
E7	SEEG	µV	1	250	1000.0	white-matter contact (per article)	good	n/a	E7
E8	SEEG	µV	1	250	1000.0	white-matter contact (per article)	good	n/a	E8
F1	SEEG	µV	1	250	1000.0	white-matter contact (per article)	good	n/a	F1
F2	SEEG	µV	1	250	1000.0	white-matter contact (per article)	good	n/a	F2
F3	SEEG	µV	1	250	1000.0	white-matter contact (per article)	good	n/a	F3
F4	SEEG	µV	1	250	1000.0	white-matter contact (per article)	good	n/a	F4
F5	SEEG	µV	1	250	1000.0	white-matter contact (per article)	good	n/a	F5
F6	SEEG	µV	1	250	1000.0	white-matter contact (per article)	good	n/a	F6
F7	SEEG	µV	1	250	1000.0	white-matter contact (per article)	good	n/a	F7
F8	SEEG	µV	1	250	1000.0	white-matter contact (per article)	good	n/a	F8
F9	SEEG	µV	1	250	1000.0	white-matter contact (per article)	good	n/a	F9
F10	SEEG	µV	1	250	1000.0	white-matter contact (per article)	good	n/a	F10
F11	SEEG	µV	1	250	1000.0	white-matter contact (per article)	good	n/a	F11
F12	SEEG	µV	1	250	1000.0	white-matter contact (per article)	good	n/a	F12
F13	SEEG	µV	1	250	1000.0	white-matter contact (per article)	good	n/a	F13
F14	SEEG	µV	1	250	1000.0	white-matter contact (per article)	good	n/a	F14
F15	SEEG	µV	1	250	1000.0	white-matter contact (per article)	good	n/a	F15
F16	SEEG	µV	1	250	1000.0	white-matter contact (per article)	good	n/a	F16
G1	SEEG	µV	1	250	1000.0	white-matter contact (per article)	good	n/a	G1
G2	SEEG	µV	1	250	1000.0	white-matter contact (per article)	good	n/a	G2
G3	SEEG	µV	1	250	1000.0	white-matter contact (per article)	good	n/a	G3
G4	SEEG	µV	1	250	1000.0	white-matter contact (per article)	good	n/a	G4
G5	SEEG	µV	1	250	1000.0	white-matter contact (per article)	good	n/a	G5
G6	SEEG	µV	1	250	1000.0	white-matter contact (per article)	good	n/a	G6
G7	SEEG	µV	1	250	1000.0	white-matter contact (per article)	good	n/a	G7
G8	SEEG	µV	1	250	1000.0	white-matter contact (per article)	good	n/a	G8
H1	SEEG	µV	1	250	1000.0	white-matter contact (per article)	good	n/a	H1
H2	SEEG	µV	1	250	1000.0	white-matter contact (per article)	good	n/a	H2
H3	SEEG	µV	1	250	1000.0	white-matter contact (per article)	good	n/a	H3
H4	SEEG	µV	1	250	1000.0	white-matter contact (per article)	good	n/a	H4
H5	SEEG	µV	1	250	1000.0	white-matter contact (per article)	good	n/a	H5
H6	SEEG	µV	1	250	1000.0	white-matter contact (per article)	good	n/a	H6
H7	SEEG	µV	1	250	1000.0	white-matter contact (per article)	good	n/a	H7
H8	SEEG	µV	1	250	1000.0	white-matter contact (per article)	good	n/a	H8
H9	SEEG	µV	1	250	1000.0	white-matter contact (per article)	good	n/a	H9
H10	SEEG	µV	1	250	1000.0	white-matter contact (per article)	good	n/a	H10
H11	SEEG	µV	1	250	1000.0	white-matter contact (per article)	good	n/a	H11
H12	SEEG	µV	1	250	1000.0	white-matter contact (per article)	good	n/a	H12
H13	SEEG	µV	1	250	1000.0	white-matter contact (per article)	good	n/a	H13
H14	SEEG	µV	1	250	1000.0	white-matter contact (per article)	good	n/a	H14
H15	SEEG	µV	1	250	1000.0	white-matter contact (per article)	good	n/a	H15
H16	SEEG	µV	1	250	1000.0	white-matter contact (per article)	good	n/a	H16
