name	x	y	z	size
A1	n/a	n/a	n/a	n/a
A2	n/a	n/a	n/a	n/a
A3	n/a	n/a	n/a	n/a
A4	n/a	n/a	n/a	n/a
A5	n/a	n/a	n/a	n/a
A6	n/a	n/a	n/a	n/a
A7	n/a	n/a	n/a	n/a
A8	n/a	n/a	n/a	n/a
A9	n/a	n/a	n/a	n/a
A10	n/a	n/a	n/a	n/a
A11	n/a	n/a	n/a	n/a
A12	n/a	n/a	n/a	n/a
B1	n/a	n/a	n/a	n/a
B2	n/a	n/a	n/a	n/a
B3	n/a	n/a	n/a	n/a
B4	n/a	n/a	n/a	n/a
B5	n/a	n/a	n/a	n/a
B6	n/a	n/a	n/a	n/a
B7	n/a	n/a	n/a	n/a
B8	n/a	n/a	n/a	n/a
B9	n/a	n/a	n/a	n/a
B10	n/a	n/a	n/a	n/a
B11	n/a	n/a	n/a	n/a
B12	n/a	n/a	n/a	n/a
B13	n/a	n/a	n/a	n/a
B14	n/a	n/a	n/a	n/a
B15	n/a	n/a	n/a	n/a
B16	n/a	n/a	n/a	n/a
C1	n/a	n/a	n/a	n/a
C2	n/a	n/a	n/a	n/a
C3	n/a	n/a	n/a	n/a
C4	n/a	n/a	n/a	n/a
C5	n/a	n/a	n/a	n/a
C6	n/a	n/a	n/a	n/a
C7	n/a	n/a	n/a	n/a
C8	n/a	n/a	n/a	n/a
C9	n/a	n/a	n/a	n/a
C10	n/a	n/a	n/a	n/a
C11	n/a	n/a	n/a	n/a
C12	n/a	n/a	n/a	n/a
C13	n/a	n/a	n/a	n/a
C14	n/a	n/a	n/a	n/a
C15	n/a	n/a	n/a	n/a
C16	n/a	n/a	n/a	n/a
D1	n/a	n/a	n/a	n/a
D2	n/a	n/a	n/a	n/a
D3	n/a	n/a	n/a	n/a
D4	n/a	n/a	n/a	n/a
D5	n/a	n/a	n/a	n/a
D6	n/a	n/a	n/a	n/a
D7	n/a	n/a	n/a	n/a
D8	n/a	n/a	n/a	n/a
D9	n/a	n/a	n/a	n/a
D10	n/a	n/a	n/a	n/a
D11	n/a	n/a	n/a	n/a
D12	n/a	n/a	n/a	n/a
D13	n/a	n/a	n/a	n/a
D14	n/a	n/a	n/a	n/a
D15	n/a	n/a	n/a	n/a
D16	n/a	n/a	n/a	n/a
E1	n/a	n/a	n/a	n/a
E2	n/a	n/a	n/a	n/a
E3	n/a	n/a	n/a	n/a
E4	n/a	n/a	n/a	n/a
E5	n/a	n/a	n/a	n/a
E6	n/a	n/a	n/a	n/a
E7	n/a	n/a	n/a	n/a
E8	n/a	n/a	n/a	n/a
F1	n/a	n/a	n/a	n/a
F2	n/a	n/a	n/a	n/a
F3	n/a	n/a	n/a	n/a
F4	n/a	n/a	n/a	n/a
F5	n/a	n/a	n/a	n/a
F6	n/a	n/a	n/a	n/a
F7	n/a	n/a	n/a	n/a
F8	n/a	n/a	n/a	n/a
F9	n/a	n/a	n/a	n/a
F10	n/a	n/a	n/a	n/a
F11	n/a	n/a	n/a	n/a
F12	n/a	n/a	n/a	n/a
F13	n/a	n/a	n/a	n/a
F14	n/a	n/a	n/a	n/a
F15	n/a	n/a	n/a	n/a
F16	n/a	n/a	n/a	n/a
G1	n/a	n/a	n/a	n/a
G2	n/a	n/a	n/a	n/a
G3	n/a	n/a	n/a	n/a
G4	n/a	n/a	n/a	n/a
G5	n/a	n/a	n/a	n/a
G6	n/a	n/a	n/a	n/a
G7	n/a	n/a	n/a	n/a
G8	n/a	n/a	n/a	n/a
H1	n/a	n/a	n/a	n/a
H2	n/a	n/a	n/a	n/a
H3	n/a	n/a	n/a	n/a
H4	n/a	n/a	n/a	n/a
H5	n/a	n/a	n/a	n/a
H6	n/a	n/a	n/a	n/a
H7	n/a	n/a	n/a	n/a
H8	n/a	n/a	n/a	n/a
H9	n/a	n/a	n/a	n/a
H10	n/a	n/a	n/a	n/a
H11	n/a	n/a	n/a	n/a
H12	n/a	n/a	n/a	n/a
H13	n/a	n/a	n/a	n/a
H14	n/a	n/a	n/a	n/a
H15	n/a	n/a	n/a	n/a
H16	n/a	n/a	n/a	n/a
