path_in_sourcedata	original_path_pattern (initials/dates redacted)	sha256_of_original_release_file	change
Patients/P1/sEEG/Session3/data.bdf	Patients Data/SEEG Data/P1/Session3/data.bdf	90df6888d31f91734cc8073cc2027aa134f87b07b7f4ea1803de0daaff4b2187	header day-of-month set to 01
Patients/P1/sEEG/Session3/evt.bdf	Patients Data/SEEG Data/P1/Session3/evt.bdf	dc3e665f7f1a547596cf55cf4f90e70d953782cb2f78cdb00d85c626c44ce634	header day-of-month set to 01
Patients/P1/sEEG/Session4/data.bdf	Patients Data/SEEG Data/P1/Session4/data.bdf	f30a080d9dea94ef95af2d07dc8b50c88bc7d376229fd414850516d0b5869e24	header day-of-month set to 01
Patients/P1/sEEG/Session4/evt.bdf	Patients Data/SEEG Data/P1/Session4/evt.bdf	4eadba565f911c23480acb176e77d0b9100e7a3ff2aeb791d8e5a136a2f947f7	header day-of-month set to 01
Patients/P1/sEEG/Session2/data.bdf	Patients Data/SEEG Data/P1/Session2/data.bdf	289cfa5be4e4d534141101f2001035473571c9666e83cc69b2489d3b72b07384	header day-of-month set to 01
Patients/P1/sEEG/Session2/evt.bdf	Patients Data/SEEG Data/P1/Session2/evt.bdf	70a7cfb3a540bbd63dbdaeedabe556a8c3f1d1e87f9df3d442d72afbd3bf76f3	header day-of-month set to 01
Patients/P1/sEEG/Session1/data.bdf	Patients Data/SEEG Data/P1/Session1/data.bdf	fcb045444b7fca13f931e51e620d12e67a38562a61ca8b65e6e9bfb13a19052c	header day-of-month set to 01
Patients/P1/sEEG/Session1/evt.bdf	Patients Data/SEEG Data/P1/Session1/evt.bdf	24477d51ab9fa506ec8e870dc4a6fa2d0b45638816ed3d8cd6336c67103ecc4d	header day-of-month set to 01
Patients/P1/sEEG/Session5/data.bdf	Patients Data/SEEG Data/P1/Session5/data.bdf	152b1c5c683a45252c09da051236781f006d48ba02ef591be9920e8c8e6715d5	header day-of-month set to 01
Patients/P1/sEEG/Session5/evt.bdf	Patients Data/SEEG Data/P1/Session5/evt.bdf	d00dd107c4f7bcf9117151c18b53faa50da364a1bf55babd9b6fac0a35e279ca	header day-of-month set to 01
Patients/P2/sEEG/Session3/data.bdf	Patients Data/SEEG Data/P2/Session3/data.bdf	6ff723564e1d0dc8bc13b53d77a55b9ece50650c98657e3b637396d9937a639e	header day-of-month set to 01
Patients/P2/sEEG/Session3/evt.bdf	Patients Data/SEEG Data/P2/Session3/evt.bdf	eeec01cb77a4faa11662196d3c5ddf2af1adf667dd2272a7a4e91a49d6fbda1c	header day-of-month set to 01
Patients/P2/sEEG/Session4/data.bdf	Patients Data/SEEG Data/P2/Session4/data.bdf	32b6a0fac208e8f198b8b4badfa70d4846976b252a69029a7bfc9a3f2629c3e2	header day-of-month set to 01
Patients/P2/sEEG/Session4/evt.bdf	Patients Data/SEEG Data/P2/Session4/evt.bdf	8df56ff1fe4e3db05597ad58810ad41eedf6be2d5628ad88c076aafc83f2d355	header day-of-month set to 01
Patients/P2/sEEG/Session2/data.bdf	Patients Data/SEEG Data/P2/Session2/data.bdf	ea96b675224c456966e61ccbaf629a41972ad376d0c85180703247b7aff6ffdd	header day-of-month set to 01
Patients/P2/sEEG/Session2/evt.bdf	Patients Data/SEEG Data/P2/Session2/evt.bdf	84f2d8026abcbbd280520d55d0f4f1f85e88e3eba52dcb89a471a8811f3932f2	header day-of-month set to 01
Patients/P2/sEEG/Session1/data.bdf	Patients Data/SEEG Data/P2/Session1/data.bdf	e6e78b8ca0ec104d1ea715d9141f0bfa08fda824a908a80eaee01a9fa16d2efe	header day-of-month set to 01
Patients/P2/sEEG/Session1/evt.bdf	Patients Data/SEEG Data/P2/Session1/evt.bdf	2d30ec24a5e19cd7badf851be643c0d0e1e8fba755826a579c61c7f0e16801d0	header day-of-month set to 01
Patients/P2/sEEG/Session5/data.bdf	Patients Data/SEEG Data/P2/Session5/data.bdf	de85b130aeb2fa5c7f958aa1b1622da64f9c6be31775302694c3673172568322	header day-of-month set to 01
Patients/P2/sEEG/Session5/evt.bdf	Patients Data/SEEG Data/P2/Session5/evt.bdf	50a8d82db21eb65df7ecc16e5ba049af0064ddff0f1807d8444aaa81ba595207	header day-of-month set to 01
Patients/P3/sEEG/Session10/data.bdf	Patients Data/SEEG Data/P3/Session10/data.bdf	dd0012c5cbf75a044b82c7bf9ef75d1ab13ac008dfa7c29f17e1b7157f19ec69	header day-of-month set to 01
Patients/P3/sEEG/Session10/evt.bdf	Patients Data/SEEG Data/P3/Session10/evt.bdf	d55441a81475ea1a6e5bb81c56cfccb8bc9859472ec332db340bbb91fbbd22ab	header day-of-month set to 01
Patients/P3/sEEG/Session8/data.bdf	Patients Data/SEEG Data/P3/Session8/data.bdf	116a36c46264cefa14dcccf0c2b15c1f751733440354fdedc80688c1e66735af	header day-of-month set to 01
Patients/P3/sEEG/Session8/evt.bdf	Patients Data/SEEG Data/P3/Session8/evt.bdf	338b31afe3448e4b93df8fb169aa98f774b4ea565f9c1060bff55b05b34cd93c	header day-of-month set to 01
Patients/P3/sEEG/Session3/data.bdf	Patients Data/SEEG Data/P3/Session3/data.bdf	f9aa78517929ddd302fe9a299ce11430cb026cf6e628f076fbe665be277d54cc	header day-of-month set to 01
Patients/P3/sEEG/Session3/evt.bdf	Patients Data/SEEG Data/P3/Session3/evt.bdf	04d8b40ae113130fa8f60a6afb2ca8d91a0972c05d0d6cf304c9d7dd6ee2765d	header day-of-month set to 01
Patients/P3/sEEG/Session9/data.bdf	Patients Data/SEEG Data/P3/Session9/data.bdf	bec06d1b98463602242fa0ccfce6cdf5998ac7c7e62028fb7ec7e717cdf8582a	header day-of-month set to 01
Patients/P3/sEEG/Session9/evt.bdf	Patients Data/SEEG Data/P3/Session9/evt.bdf	5aad60a945ef97f79f6ef5f7ffb1ebb4663368f0771242c10c0feae8fa925f46	header day-of-month set to 01
Patients/P3/sEEG/Session6/data.bdf	Patients Data/SEEG Data/P3/Session6/data.bdf	d58c9c2756ce9503bc1cc3c54c54253eb0fdbb375075c884ff38870e874b7845	header day-of-month set to 01
Patients/P3/sEEG/Session6/evt.bdf	Patients Data/SEEG Data/P3/Session6/evt.bdf	b9d4b03145e118be55ada9018656449ce2a2a1d218579f0d8e9a8ad48bb53112	header day-of-month set to 01
Patients/P3/sEEG/Session4/data.bdf	Patients Data/SEEG Data/P3/Session4/data.bdf	ac14836e25dfe3960abb2a2c9ddba94fbb3179365f8b1302c6ea4d42cc62ea08	header day-of-month set to 01
Patients/P3/sEEG/Session4/evt.bdf	Patients Data/SEEG Data/P3/Session4/evt.bdf	e663af30e9a3f0fbff614380304b3148e8b812c0b5964d23d2ac07f0a33e86f2	header day-of-month set to 01
Patients/P3/sEEG/Session11/data.bdf	Patients Data/SEEG Data/P3/Session11/data.bdf	7d07ef57ec823acc3bba13a191c943e0bf46453ead563842d06091c363655c27	header day-of-month set to 01
Patients/P3/sEEG/Session11/evt.bdf	Patients Data/SEEG Data/P3/Session11/evt.bdf	4dfaafe6f6be91c4006e2edd59ba57ac941c5d35d854120184dd0145b839ea95	header day-of-month set to 01
Patients/P3/sEEG/Session7/data.bdf	Patients Data/SEEG Data/P3/Session7/data.bdf	1db5f3de677fc5da005dfe2b5055c4fc8e6ceb0e322237bbac1c3d0f8419816c	header day-of-month set to 01
Patients/P3/sEEG/Session7/evt.bdf	Patients Data/SEEG Data/P3/Session7/evt.bdf	540d244908fa1beb97dae162774007a4dc2f034d58465d0fd9d8807a7232a2af	header day-of-month set to 01
Patients/P3/sEEG/Session2/data.bdf	Patients Data/SEEG Data/P3/Session2/data.bdf	010b8488c2a8e14ebc084011cb47102d4aa1c78b2eec2104a2aacd2dfb928dff	header day-of-month set to 01
Patients/P3/sEEG/Session2/evt.bdf	Patients Data/SEEG Data/P3/Session2/evt.bdf	bba27bd7d6bbd3bfeba0bc86515459c276f9ef80baa354cf21580b9ef721b4e9	header day-of-month set to 01
Patients/P3/sEEG/Session12/data.bdf	Patients Data/SEEG Data/P3/Session12/data.bdf	d2d1ca98c8424cc7b553ba30c0adc8e94e9c6e59bf9be46e283c98d83e07ad45	header day-of-month set to 01
Patients/P3/sEEG/Session12/evt.bdf	Patients Data/SEEG Data/P3/Session12/evt.bdf	34578f804de56fd9135b8d23c37368c4b9a14651fb48033084185dd79a15d6f4	header day-of-month set to 01
Patients/P3/sEEG/Session1/data.bdf	Patients Data/SEEG Data/P3/Session1/data.bdf	9bce655a54c02847ebc85d49b47fc07f4fe9f6627cbb84379f5e5c6f649abd3d	header day-of-month set to 01
Patients/P3/sEEG/Session1/evt.bdf	Patients Data/SEEG Data/P3/Session1/evt.bdf	a423e7dcbb1ca45d21e4a2661b188e94cac0891394052c8aeb6ebfe04560e68f	header day-of-month set to 01
Patients/P3/sEEG/Session5/data.bdf	Patients Data/SEEG Data/P3/Session5/data.bdf	dcc891aa5bbeddd940e04e5a6f619acaf4029cca931d3a3764069351942fb067	header day-of-month set to 01
Patients/P3/sEEG/Session5/evt.bdf	Patients Data/SEEG Data/P3/Session5/evt.bdf	11463784b0ceed752b63c6c88e7121172f19cb9514352ce2f8094bdebab5eee6	header day-of-month set to 01
Patients/P4/sEEG/Session3/data.bdf	Patients Data/SEEG Data/P4/Session3/data.bdf	3e0d569d58e0b8913a3cf2226db07978f3db3235893d526025aefd40d9ed427d	header day-of-month set to 01
Patients/P4/sEEG/Session3/evt.bdf	Patients Data/SEEG Data/P4/Session3/evt.bdf	1f8e34d5e8fd2b01ea75b18540735708b6f9a8b888fd492427cb414717def6ec	header day-of-month set to 01
Patients/P4/sEEG/Session6/data.bdf	Patients Data/SEEG Data/P4/Session6/data.bdf	f7c62fefaabeb65e70200919e5e54453420bb8772503dac6ab69183ac2778250	header day-of-month set to 01
Patients/P4/sEEG/Session6/evt.bdf	Patients Data/SEEG Data/P4/Session6/evt.bdf	219851dc9aff6cd54e3842025cc1026961297a4cddafc853ce9b0bc0c82499a6	header day-of-month set to 01
Patients/P4/sEEG/Session4/data.bdf	Patients Data/SEEG Data/P4/Session4/data.bdf	8846f806ffb90da928eae3ce89bb564fce9362a415bda10850120fa9efb0c902	header day-of-month set to 01
Patients/P4/sEEG/Session4/evt.bdf	Patients Data/SEEG Data/P4/Session4/evt.bdf	377e5d4474f4c81bd1d0396b7e2969ecb790b936037475cadadffc54a0159c7e	header day-of-month set to 01
Patients/P4/sEEG/Session7/data.bdf	Patients Data/SEEG Data/P4/Session7/data.bdf	031a9bd88fe2933eb8bdf91900319193965f8e87fd1aee160bb9a1a153723025	header day-of-month set to 01
Patients/P4/sEEG/Session7/evt.bdf	Patients Data/SEEG Data/P4/Session7/evt.bdf	f43f73087f920dfa04e50ee2552844d3414a86fb74bfbe6597c594e4366878e0	header day-of-month set to 01
Patients/P4/sEEG/Session2/data.bdf	Patients Data/SEEG Data/P4/Session2/data.bdf	efb92c2184de8833ce3d4106ca761edf1d0a0e39a1892437f0ea0c994dafd8b0	header day-of-month set to 01
Patients/P4/sEEG/Session2/evt.bdf	Patients Data/SEEG Data/P4/Session2/evt.bdf	e1ee4c28a2866407390f86867b2394954a7a76155b16f5b491058199b911d80b	header day-of-month set to 01
Patients/P4/sEEG/Session1/data.bdf	Patients Data/SEEG Data/P4/Session1/data.bdf	bfa3847562b2ef0b06257ec9bd9d346fada59f23fe400646432da19dd0f8416f	header day-of-month set to 01
Patients/P4/sEEG/Session1/evt.bdf	Patients Data/SEEG Data/P4/Session1/evt.bdf	3b69e0412fb20a5cf9e1633eedcd493e2f4b5761ac13075eb29a25f1bceb0fcc	header day-of-month set to 01
Patients/P4/sEEG/Session5/data.bdf	Patients Data/SEEG Data/P4/Session5/data.bdf	9a4f7bae00e542c78c8f9d5cad67dccde11e17bf4082647ad3b634ee9388398f	header day-of-month set to 01
Patients/P4/sEEG/Session5/evt.bdf	Patients Data/SEEG Data/P4/Session5/evt.bdf	88fc4c103789cf463d6b08c9d9ef05174c2bd90f1474996b29bdc6df4f5ff92a	header day-of-month set to 01
Patients/P5/sEEG/Session6-7/data.bdf	Patients Data/SEEG Data/P5/Session6-7/data.bdf	78af35a07c07861a4db8385f67460c1f75885db4e016cd27a7a965cbc47ee6d1	header day-of-month set to 01
Patients/P5/sEEG/Session6-7/evt.bdf	Patients Data/SEEG Data/P5/Session6-7/evt.bdf	a1f292f1ae8d399de7131be5227173f76056bc035cb4d49868d5a1dbf8de5031	header day-of-month set to 01
Patients/P5/sEEG/Session3/data.bdf	Patients Data/SEEG Data/P5/Session3/data.bdf	a786c8c245710b190cd8af5852c6e06f220f5acaab8db3cfda55bc8f0633c5ce	header day-of-month set to 01
Patients/P5/sEEG/Session3/evt.bdf	Patients Data/SEEG Data/P5/Session3/evt.bdf	c9f3989c9f8f21b3df70cd3e04ab926b08a57c63825dfe5b7984336c6a33ea8c	header day-of-month set to 01
Patients/P5/sEEG/Session4/data.bdf	Patients Data/SEEG Data/P5/Session4/data.bdf	b60d3197eb78f65f23eda5cdacc48d7004d89597621524244f8bcb43c1eeb418	header day-of-month set to 01
Patients/P5/sEEG/Session4/evt.bdf	Patients Data/SEEG Data/P5/Session4/evt.bdf	bdc1244dea7d28e0faf691c8d56bda3553911b199491f77f8053b4a7ca1f8d90	header day-of-month set to 01
Patients/P5/sEEG/Session2/data.bdf	Patients Data/SEEG Data/P5/Session2/data.bdf	5a7ccd49bac08ebaf9c6abcc356f69f518dc2e84c8963e813a281afe158721c8	header day-of-month set to 01
Patients/P5/sEEG/Session2/evt.bdf	Patients Data/SEEG Data/P5/Session2/evt.bdf	f4ad0381944eba7005891faa70b66dc3f3c95790e7da8b8d2e8b7c950cda9ac9	header day-of-month set to 01
Patients/P5/sEEG/Session1/data.bdf	Patients Data/SEEG Data/P5/Session1/data.bdf	233dcd5b39845f270cd4b851ceb525fb897c984e7569783f080d85a5a139f8b9	header day-of-month set to 01
Patients/P5/sEEG/Session1/evt.bdf	Patients Data/SEEG Data/P5/Session1/evt.bdf	3a470b6f38f7ce61c1b7b397d8b522b0f11dbce896b3bd27209aaeab870bdde0	header day-of-month set to 01
Patients/P5/sEEG/Session5/data.bdf	Patients Data/SEEG Data/P5/Session5/data.bdf	b2d06a4e55a4e5f4a98f3e957c394ff41c14300d26aeeff6e6ce2ff7bd0df044	header day-of-month set to 01
Patients/P5/sEEG/Session5/evt.bdf	Patients Data/SEEG Data/P5/Session5/evt.bdf	70bffc8adb55b5110159d9770283d4d95fc9c3f77c5ad3ae1dc22ecf3cf45136	header day-of-month set to 01
Patients/P6/sEEG/Session3/data.bdf	Patients Data/SEEG Data/P6/Session3/data.bdf	6f758d83ad941ac598042b48cd6e78d0b299cab6a82bfa68b7a584ee42a546c2	header day-of-month set to 01
Patients/P6/sEEG/Session3/evt.bdf	Patients Data/SEEG Data/P6/Session3/evt.bdf	1e139b0a20038d33212212721e5d001c573c1463ab25220cb69900abbe29aea1	header day-of-month set to 01
Patients/P6/sEEG/Session6/data.bdf	Patients Data/SEEG Data/P6/Session6/data.bdf	d4960517ae2963d651bd01eade858d6b2211b0534fe5b0ab615e8c100fac7f4d	header day-of-month set to 01
Patients/P6/sEEG/Session6/evt.bdf	Patients Data/SEEG Data/P6/Session6/evt.bdf	299e6e4fb3312c2919688272731da4a82ab5bb4c4490cd6b71043f94f539f188	header day-of-month set to 01
Patients/P6/sEEG/Session4/data.bdf	Patients Data/SEEG Data/P6/Session4/data.bdf	5d730835498a5e205f0bcf99a3b8f84fe7640d4b408f048f13f35f352eba6abd	header day-of-month set to 01
Patients/P6/sEEG/Session4/evt.bdf	Patients Data/SEEG Data/P6/Session4/evt.bdf	b1b7ced43d8691076d8b6376b770aa493ad510966c04a97350abde342f4203c3	header day-of-month set to 01
Patients/P6/sEEG/Session2/data.bdf	Patients Data/SEEG Data/P6/Session2/data.bdf	4f8a61317c534826e4ca7ac122c3bbd2ddd0f07066bd5049822c5d99c87d0939	header day-of-month set to 01
Patients/P6/sEEG/Session2/evt.bdf	Patients Data/SEEG Data/P6/Session2/evt.bdf	fd77cd5a64969d3e168eb4d0432498fc89d3a55288ff15689d65117b8f3b93ae	header day-of-month set to 01
Patients/P6/sEEG/Session1/data.bdf	Patients Data/SEEG Data/P6/Session1/data.bdf	18477eff19f7d648cfa2aba96af336f7f6c05517051048e150cc1ae796758c33	header day-of-month set to 01
Patients/P6/sEEG/Session1/evt.bdf	Patients Data/SEEG Data/P6/Session1/evt.bdf	042c6ec3fcc5f067dac913fd046bff80e70a89e387d5fddbb3e91c634efbd7f4	header day-of-month set to 01
Patients/P6/sEEG/Session5/data.bdf	Patients Data/SEEG Data/P6/Session5/data.bdf	1d8708135105f4404be2c5440b49a59234059144807a71b09ca5cbab6772285b	header day-of-month set to 01
Patients/P6/sEEG/Session5/evt.bdf	Patients Data/SEEG Data/P6/Session5/evt.bdf	2c03cd449070859dffd3fc65d24414b40083837091c66974f1094e67b1d9b942	header day-of-month set to 01
Patients/P4/MRI/T1_deface.nii	Patients Data/ImageData/P4/MRI/T1_deface.nii	7426bea78ad6f391bdc0a6b7e5286c3c5e60b2574beb31019e318decf966769a	unchanged
Patients/P4/CT/CTpost_deface.nii	Patients Data/ImageData/P4/CT/CTpost_deface.nii	3b1a0649203588c46844c2e346b4c574bd7d29e88b44db94695790ec8912b4d7	unchanged
Patients/P5/MRI/T1_deface.nii	Patients Data/ImageData/P5/MRI/T1_deface.nii	993c9835cb985eab7155a636b08a94b72b51341b82332f067458bbfac16a427e	unchanged
n/a	Patients Data/ImageData/P5/CT/(excluded)	cc67d32cc9e52a7ebb6a5d8fd43be3afd19f8f3a99fe978de769d69a678a3a77	EXCLUDED: deface not verifiable; obtain from Dryad
Patients/P1/MRI/pre-MRI-T1_deface.nii	Patients Data/ImageData/P1/MRI/pre-MRI-T1_deface.nii	86e6ca936162d783f2ecb18ce1df7906b8c08f670d551bf8964112775b82d6ed	unchanged
Patients/P1/CT/postCT_deface.nii	Patients Data/ImageData/P1/CT/postCT_deface.nii	dab06bdbdf9bbf896bb201f277b795960f83c7832f286da107a6dc6682e94901	unchanged
Patients/P3/MRI/T1_deface.nii	Patients Data/ImageData/P3/MRI/T1_deface.nii	514ce36dd0f6351720aaed1397a3304ffac31804574f2f125399c07564fc0e28	unchanged
Patients/P3/CT/postCT_deface.nii	Patients Data/ImageData/P3/CT/postCT_deface.nii	9b8e3a0ec93b2cef61ab4efbd994fb8bddd7bf7b03ae97baab4f7fc94a40b2cc	unchanged
Patients/P6/MRI/preT1_deface.nii	Patients Data/ImageData/P6/MRI/preT1_deface.nii	c2655d14ff659af281506c43bd392901a9efb30e5d766dcca02da03b3de8d3fc	unchanged
Patients/P6/CT/postCT_deface.nii	Patients Data/ImageData/P6/CT/postCT_deface.nii	e60942e780aee0c20fe5ef2961dfd04201649ab6961cdf74753b61ad3ee85cdf	unchanged
Patients/P2/MRI/pre-T1_deface.nii	Patients Data/ImageData/P2/MRI/pre-T1_deface.nii	1030c316db771c627ba4cde6db8836288e361b17b05c6be68e31066314777dda	unchanged
Patients/P2/CT/postCT_deface.nii	Patients Data/ImageData/P2/CT/postCT_deface.nii	102a8ca6f103ae66eb8f1bd4591aa4cc7350c91d48c8cf19ce186500d6bea388	unchanged
Patients/P4/EyePosition/Session3_VisualAware_left.mat	Patients Data/EyePositionData/P4/Session3/<date>_<time>_<initials>_VisualAware_left.mat	7ad454d5abae9645b1b7a20f7e47a81c8ce46b08a501d7f1d0ba8a0bf92bb9d4	MAT header creation date: day-of-month set to 01 (weekday recomputed)
Patients/P4/EyePosition/Session6_VisualAware_left.mat	Patients Data/EyePositionData/P4/Session6/<date>_<time>_<initials>_VisualAware_left.mat	1c7d0a0fbf8c30618f49640377ccd61c4bdde68ef5df0bccf9f7e58a8009a7b9	MAT header creation date: day-of-month set to 01 (weekday recomputed)
Patients/P4/EyePosition/Session4_VisualAware_left.mat	Patients Data/EyePositionData/P4/Session4/<date>_<time>_<initials>_VisualAware_left.mat	0898480c6152b600e9845c1fd34d827dfc7ac866041e537ee2d70e7fa78ed93e	MAT header creation date: day-of-month set to 01 (weekday recomputed)
Patients/P4/EyePosition/Session7_VisualAware_left.mat	Patients Data/EyePositionData/P4/Session7/<date>_<time>_<initials>_VisualAware_left.mat	7edaa967a6b104724be898e94a816e5f9956433c9bf696b9f02503a23b4cfb6d	MAT header creation date: day-of-month set to 01 (weekday recomputed)
Patients/P4/EyePosition/Session2_VisualAware_left.mat	Patients Data/EyePositionData/P4/Session2/<date>_<time>_<initials>_VisualAware_left.mat	da165609491681beaab6dd7487e56a2ea9b431b886dbf1b7bc8a93fadc6474cb	MAT header creation date: day-of-month set to 01 (weekday recomputed)
Patients/P4/EyePosition/Session1_VisualAware_left.mat	Patients Data/EyePositionData/P4/Session1/<date>_<time>_<initials>_VisualAware_left.mat	dfdb347205ec05ee1b8707ed1ed5bbbc254697e4388ba5535910244bc1f71858	MAT header creation date: day-of-month set to 01 (weekday recomputed)
Patients/P4/EyePosition/Session5_VisualAware_left.mat	Patients Data/EyePositionData/P4/Session5/<date>_<time>_<initials>_VisualAware_left.mat	21ef77c378df9b05e3c50985272b9d6fff3c597cf155b81e146f444328132570	MAT header creation date: day-of-month set to 01 (weekday recomputed)
Patients/P5/EyePosition/Session3_VisualAware_left.mat	Patients Data/EyePositionData/P5/Session3/<date>_<time>_<initials>_VisualAware_left.mat	d67ed73b5da0e8c77e24d9b07fd8d28baaf74f1dee1697a5ae306c7bbf0bd66a	MAT header creation date: day-of-month set to 01 (weekday recomputed)
Patients/P5/EyePosition/Session6_VisualAware_left.mat	Patients Data/EyePositionData/P5/Session6/<date>_<time>_<initials>_VisualAware_left.mat	1e114092ec789867c6779ea6f9f5355c8eebe368a608fe6a0017982c94d91780	MAT header creation date: day-of-month set to 01 (weekday recomputed)
Patients/P5/EyePosition/Session4_VisualAware_left.mat	Patients Data/EyePositionData/P5/Session4/<date>_<time>_<initials>_VisualAware_left.mat	f53bdd6f639f8b243f95f060c154de9c860da9269121da7984990257c74e8c6d	MAT header creation date: day-of-month set to 01 (weekday recomputed)
Patients/P5/EyePosition/Session7_VisualAware_left.mat	Patients Data/EyePositionData/P5/Session7/<date>_<time>_<initials>_VisualAware_left.mat	9defc4be8bd865a30a7d083f53f44466a74ce863cd35b47a553e9ee554335aee	MAT header creation date: day-of-month set to 01 (weekday recomputed)
Patients/P5/EyePosition/Session2_VisualAware_left.mat	Patients Data/EyePositionData/P5/Session2/<date>_<time>_<initials>_VisualAware_left.mat	6670d8cd55b2f67bc58eacce96d947939ff724f803ac68f67cd2249e34a403ce	MAT header creation date: day-of-month set to 01 (weekday recomputed)
Patients/P5/EyePosition/Session1_VisualAware_left.mat	Patients Data/EyePositionData/P5/Session1/<date>_<time>_<initials>_VisualAware_left.mat	78242631780021cfbf96a59ea4dcd357b1d2d55e01649e03999635208151b3e2	MAT header creation date: day-of-month set to 01 (weekday recomputed)
Patients/P5/EyePosition/Session5_VisualAware_left.mat	Patients Data/EyePositionData/P5/Session5/<date>_<time>_<initials>_VisualAware_left.mat	97f7330e815c7d8158df2ed4a8f21651af2e61407b5549ef5fed31aab0070770	MAT header creation date: day-of-month set to 01 (weekday recomputed)
Patients/P1/EyePosition/Session3_VisualAware_left.mat	Patients Data/EyePositionData/P1/Session3/<date>_<time>_<initials>_VisualAware_left.mat	5c491436a1ce055c20bc0ac34db99783017866790445eb51592d60df0fc47ed7	MAT header creation date: day-of-month set to 01 (weekday recomputed)
Patients/P1/EyePosition/Session4_VisualAware_left.mat	Patients Data/EyePositionData/P1/Session4/<date>_<time>_<initials>_VisualAware_left.mat	0ad9295c8abe3222138b21d04a433bf656eeffa34a34e8e37e0af92adb87192e	MAT header creation date: day-of-month set to 01 (weekday recomputed)
Patients/P1/EyePosition/Session2_VisualAware_left.mat	Patients Data/EyePositionData/P1/Session2/<date>_<time>_<initials>_VisualAware_left.mat	16873b18ac737573bea4df2b95c52e94b5e4fa62953222991eb57ba5e264fbdf	MAT header creation date: day-of-month set to 01 (weekday recomputed)
Patients/P1/EyePosition/Session1_VisualAware_left.mat	Patients Data/EyePositionData/P1/Session1/<date>_<time>_<initials>_VisualAware_left.mat	fb0732a7de6369a064a0db6797430734ecbdac9d18c78457ae3c2c07299460be	MAT header creation date: day-of-month set to 01 (weekday recomputed)
Patients/P1/EyePosition/Session5_VisualAware_left.mat	Patients Data/EyePositionData/P1/Session5/<date>_<time>_<initials>_VisualAware_left.mat	1714cea4f95484b14f822bf968d043918540edfa48414da5ae9ea7bd750dd80d	MAT header creation date: day-of-month set to 01 (weekday recomputed)
Patients/P3/EyePosition/Session10_VisualAware_left.mat	Patients Data/EyePositionData/P3/Session10/<date>_<time>_<initials>_VisualAware_left.mat	8e97fac1d805d12568226a76980e3d0e50ce530259fbb028a1ec55a1f515e1f4	unchanged
Patients/P3/EyePosition/Session8_VisualAware_left.mat	Patients Data/EyePositionData/P3/Session8/<date>_<time>_<initials>_VisualAware_left.mat	11d512db34761684081af8d84ec08b065eb76e3d3c3adc914b013f323d6cfa2c	MAT header creation date: day-of-month set to 01 (weekday recomputed)
Patients/P3/EyePosition/Session3_VisualAware_left.mat	Patients Data/EyePositionData/P3/Session3/<date>_<time>_<initials>_VisualAware_left.mat	6a9a6f87f96800303d5f145c6599e66892143699a25442d2575dc74f85a481a0	MAT header creation date: day-of-month set to 01 (weekday recomputed)
Patients/P3/EyePosition/Session9_VisualAware_left.mat	Patients Data/EyePositionData/P3/Session9/<date>_<time>_<initials>_VisualAware_left.mat	791f1c25b2017ed5fefe29bf4ffa6d5fe17316f8db1f7e32425a3ca594615013	MAT header creation date: day-of-month set to 01 (weekday recomputed)
Patients/P3/EyePosition/Session6_VisualAware_left.mat	Patients Data/EyePositionData/P3/Session6/<date>_<time>_<initials>_VisualAware_left.mat	0e49d2e628f070a3d8aeed418c9fdbf69948eded0629802cb8b93de43ebfcaee	MAT header creation date: day-of-month set to 01 (weekday recomputed)
Patients/P3/EyePosition/Session4_VisualAware_left.mat	Patients Data/EyePositionData/P3/Session4/<date>_<time>_<initials>_VisualAware_left.mat	a0e6615e84f3749791d9b35fcb8a64e4b6604f6d91821902b17c131925ca2182	MAT header creation date: day-of-month set to 01 (weekday recomputed)
Patients/P3/EyePosition/Session11_VisualAware_left.mat	Patients Data/EyePositionData/P3/Session11/<date>_<time>_<initials>_VisualAware_left.mat	73c78f082f0a31d4568a4d63927d80ccb7bb668c7bbb99e73a22ed9f44cdf039	unchanged
Patients/P3/EyePosition/Session7_VisualAware_left.mat	Patients Data/EyePositionData/P3/Session7/<date>_<time>_<initials>_VisualAware_left.mat	8aa957e8896463fb72dc91afc26a1f977c41716de6f8e1c099609824b9924311	MAT header creation date: day-of-month set to 01 (weekday recomputed)
Patients/P3/EyePosition/Session2_VisualAware_left.mat	Patients Data/EyePositionData/P3/Session2/<date>_<time>_<initials>_VisualAware_left.mat	80776cbdc9669681e2d6102e36d5d2b96a82ed68f9cea9bd8561ff7371c6cdac	MAT header creation date: day-of-month set to 01 (weekday recomputed)
Patients/P3/EyePosition/Session12_VisualAware_left.mat	Patients Data/EyePositionData/P3/Session12/<date>_<time>_<initials>_VisualAware_left.mat	052194c74dccee5f56f436a2c72f8264c4f8a5546f8d07a58fe9a754a4212c4e	unchanged
Patients/P3/EyePosition/Session1_VisualAware_left.mat	Patients Data/EyePositionData/P3/Session1/<date>_<time>_<initials>_VisualAware_left.mat	b9007a244c1350bedc72104792447bcf594ca1560636bf9bbe4fe8cb6759b0c9	MAT header creation date: day-of-month set to 01 (weekday recomputed)
Patients/P3/EyePosition/Session5_VisualAware_left.mat	Patients Data/EyePositionData/P3/Session5/<date>_<time>_<initials>_VisualAware_left.mat	cc74a2b5cef1401c875b186de5aa1342197b379e31336c7e5faecabb5f42cbc4	MAT header creation date: day-of-month set to 01 (weekday recomputed)
Patients/P6/EyePosition/Session3_VisualAware_left.mat	Patients Data/EyePositionData/P6/Session3/<date>_<time>_<initials>_VisualAware_left.mat	93d670d3f27a45869344c4836a434bc12130b16611ace8c67579770a27bb34e2	MAT header creation date: day-of-month set to 01 (weekday recomputed)
Patients/P6/EyePosition/Session6_VisualAware_left.mat	Patients Data/EyePositionData/P6/Session6/<date>_<time>_<initials>_VisualAware_left.mat	3dc835ec7916026d7f2a36400569919539855a2ba3df9b2c1dc22f7009207f4b	MAT header creation date: day-of-month set to 01 (weekday recomputed)
Patients/P6/EyePosition/Session4_VisualAware_left.mat	Patients Data/EyePositionData/P6/Session4/<date>_<time>_<initials>_VisualAware_left.mat	5b4ff1194bc954e6b2748e7ceb494e6a9f1faef544f024ba53d542202cb35ad0	MAT header creation date: day-of-month set to 01 (weekday recomputed)
Patients/P6/EyePosition/Session2_VisualAware_left.mat	Patients Data/EyePositionData/P6/Session2/<date>_<time>_<initials>_VisualAware_left.mat	24c531ac6fe049e5f4f83f734591c171cacbc8b48e64d2a977f41e545c3781b6	MAT header creation date: day-of-month set to 01 (weekday recomputed)
Patients/P6/EyePosition/Session1_VisualAware_left.mat	Patients Data/EyePositionData/P6/Session1/<date>_<time>_<initials>_VisualAware_left.mat	04f3a94d9eb483120384687f1712143415a159ccc47536b0b4e32e6d210a5aa3	MAT header creation date: day-of-month set to 01 (weekday recomputed)
Patients/P6/EyePosition/Session5_VisualAware_left.mat	Patients Data/EyePositionData/P6/Session5/<date>_<time>_<initials>_VisualAware_left.mat	cf7bd5c26b2044f02b09da9a7a85d266538ab71b920960419c9763816c7d44fb	MAT header creation date: day-of-month set to 01 (weekday recomputed)
Patients/P2/EyePosition/Session3_VisualAware_left.mat	Patients Data/EyePositionData/P2/Session3/<date>_<time>_<initials>_VisualAware_left.mat	da69c437f4e3c6851ae536b7968486660effd8490aabdb8368a765c885590710	MAT header creation date: day-of-month set to 01 (weekday recomputed)
Patients/P2/EyePosition/Session4_VisualAware_left.mat	Patients Data/EyePositionData/P2/Session4/<date>_<time>_<initials>_VisualAware_left.mat	e1b50f35166a997b44de4d230e8eba32a923a98606d476645646668cf6780238	MAT header creation date: day-of-month set to 01 (weekday recomputed)
Patients/P2/EyePosition/Session2_VisualAware_left.mat	Patients Data/EyePositionData/P2/Session2/<date>_<time>_<initials>_VisualAware_left.mat	8cbb1ff7562005e3f847f92809f44e00b050c1cae8d4fdfbd1afae732eb96c03	MAT header creation date: day-of-month set to 01 (weekday recomputed)
Patients/P2/EyePosition/Session1_VisualAware_left.mat	Patients Data/EyePositionData/P2/Session1/<date>_<time>_<initials>_VisualAware_left.mat	668a7d2246f697374b6c51f3d6cd239d82b3770c3dcfbff06346d7172a8cbc44	MAT header creation date: day-of-month set to 01 (weekday recomputed)
Patients/P2/EyePosition/Session5_VisualAware_left.mat	Patients Data/EyePositionData/P2/Session5/<date>_<time>_<initials>_VisualAware_left.mat	6792b99179c497d9d3561260d73a6b3a3a8c5f96b3b133f115ab26c4c4e3ac6c	MAT header creation date: day-of-month set to 01 (weekday recomputed)
HealthyControls/C01/Session1_VisualAware_right.mat	Healthy Control Data/<initials>_VisualAwareData/<date>_<time>_<initials>_VisualAware_right.mat	5f59bffe3c15ebd7c5cfc48df3b8f81f38e542815719bb647cb67abba2157765	MAT header creation date: day-of-month set to 01 (weekday recomputed)
HealthyControls/C01/Session2_VisualAware_right.mat	Healthy Control Data/<initials>_VisualAwareData/<date>_<time>_<initials>_VisualAware_right.mat	f1b3ba636733ce1b4c98d367313bf0eef922e01dec0d15b7eaf9448734c4c3a8	MAT header creation date: day-of-month set to 01 (weekday recomputed)
HealthyControls/C02/Session1_VisualAware_right.mat	Healthy Control Data/<initials>_VisualAwareData/<date>_<time>_<initials>_VisualAware_right.mat	c9b9b9b60daa3e78020ab1831fb25d292e9072ab35816fe4518aed6fca8c45e9	MAT header creation date: day-of-month set to 01 (weekday recomputed)
HealthyControls/C02/Session2_VisualAware_right.mat	Healthy Control Data/<initials>_VisualAwareData/<date>_<time>_<initials>_VisualAware_right.mat	2097a811ec79fc54d7adb8e316e9b63ecd0a7e7757773724076433cc55105345	MAT header creation date: day-of-month set to 01 (weekday recomputed)
HealthyControls/C03/Session1_VisualAware_right.mat	Healthy Control Data/<initials>_VisualAwareData/<date>_<time>_<initials>_VisualAware_right.mat	4498f71864f72f5da60019cefbb20fefa2b8284a8aa5a31233ce426d859dbb1e	MAT header creation date: day-of-month set to 01 (weekday recomputed)
HealthyControls/C03/Session2_VisualAware_right.mat	Healthy Control Data/<initials>_VisualAwareData/<date>_<time>_<initials>_VisualAware_right.mat	11e94048f6768069c0d1cb5a499f04549041a04845c7ec9f4813455fd7b42020	MAT header creation date: day-of-month set to 01 (weekday recomputed)
HealthyControls/C04/Session1_VisualAware_right.mat	Healthy Control Data/<initials>_VisualAwareData/<date>_<time>_<initials>_VisualAware_right.mat	1888cd540fb59ab4fabe2960aa2a3d5674bb0a3b191191fa1ec9a92caa95b157	MAT header creation date: day-of-month set to 01 (weekday recomputed)
HealthyControls/C04/Session2_VisualAware_right.mat	Healthy Control Data/<initials>_VisualAwareData/<date>_<time>_<initials>_VisualAware_right.mat	7e4b10c5c995070a9d21274bcc59d1510aec8cd7f05fa94e9ecb812e85947066	MAT header creation date: day-of-month set to 01 (weekday recomputed)
HealthyControls/C05/Session1_VisualAware_right.mat	Healthy Control Data/<initials>_VisualAwareData/<date>_<time>_<initials>_VisualAware_right.mat	ccfd648fbe898209c626a61011aa54dea5a974bf9e0016208633df3738b80814	MAT header creation date: day-of-month set to 01 (weekday recomputed)
HealthyControls/C05/Session2_VisualAware_right.mat	Healthy Control Data/<initials>_VisualAwareData/<date>_<time>_<initials>_VisualAware_right.mat	c4be633c5963b85c496efc8ad63e9e45b31bcbcff0ef9c144942132ce5fc0893	MAT header creation date: day-of-month set to 01 (weekday recomputed)
HealthyControls/C06/Session1_VisualAware_right.mat	Healthy Control Data/<initials>_VisualAwareData/<date>_<time>_<initials>_VisualAware_right.mat	e7dc65642e3269aec29e3dff2e4b8bc366419ad3650d056ee1c4c98af7f7fd77	MAT header creation date: day-of-month set to 01 (weekday recomputed)
HealthyControls/C06/Session2_VisualAware_right.mat	Healthy Control Data/<initials>_VisualAwareData/<date>_<time>_<initials>_VisualAware_right.mat	8e5ff4f856323b6e51a92aba9b5ed67debf692a32f77033192d6e54bce1d6c0b	MAT header creation date: day-of-month set to 01 (weekday recomputed)
HealthyControls/C07/Session1_VisualAware_right.mat	Healthy Control Data/<initials>_VisualAwareData/<date>_<time>_<initials>_VisualAware_right.mat	1a214789f87ac19b9d4dd59e269421207dadbe29fd03649f740753bbd1c92732	MAT header creation date: day-of-month set to 01 (weekday recomputed)
HealthyControls/C07/Session2_VisualAware_right.mat	Healthy Control Data/<initials>_VisualAwareData/<date>_<time>_<initials>_VisualAware_right.mat	606e7116689d3e1749e9aca6c1330baa2e6875ffe52b9e617a86b68e6cdac48c	MAT header creation date: day-of-month set to 01 (weekday recomputed)
HealthyControls/C08/Session1_VisualAware_right.mat	Healthy Control Data/<initials>_VisualAwareData/<date>_<time>_<initials>_VisualAware_right.mat	55e2ec04d0e4749fb7168018cd34d15bd30377c2490b624dfdb5ac02da0cca03	MAT header creation date: day-of-month set to 01 (weekday recomputed)
HealthyControls/C08/Session2_VisualAware_right.mat	Healthy Control Data/<initials>_VisualAwareData/<date>_<time>_<initials>_VisualAware_right.mat	f3e9da0058c5eec6ca245215bc940a226552a3c6db93a7cc6a09b6514635f974	MAT header creation date: day-of-month set to 01 (weekday recomputed)
HealthyControls/C09/Session1_VisualAware_right.mat	Healthy Control Data/<initials>_VisualAwareData/<date>_<time>_<initials>_VisualAware_right.mat	a3c9b744ad08b63b70b090cc030b2a057dc6b6ba2173feb526834961f2b1bfb9	MAT header creation date: day-of-month set to 01 (weekday recomputed)
HealthyControls/C09/Session2_VisualAware_right.mat	Healthy Control Data/<initials>_VisualAwareData/<date>_<time>_<initials>_VisualAware_right.mat	8eb1defa33efe33a37b187190cec0a0d94fe7e904cc3093143903fc47caf2d3c	MAT header creation date: day-of-month set to 01 (weekday recomputed)
HealthyControls/C10/Session1_VisualAware_right.mat	Healthy Control Data/<initials>_VisualAwareData/<date>_<time>_<initials>_VisualAware_right.mat	07577730bc90cafa634b6cc1443fb8a34bfcf33ebbc854f70ca9bd874238b8f8	MAT header creation date: day-of-month set to 01 (weekday recomputed)
HealthyControls/C10/Session2_VisualAware_right.mat	Healthy Control Data/<initials>_VisualAwareData/<date>_<time>_<initials>_VisualAware_right.mat	0d17272d91a8cf19b1793f21bff1272804923f2dba2f4965c96a974754eb9898	MAT header creation date: day-of-month set to 01 (weekday recomputed)
