onset	duration	trial_type	value	sample	source_annotation	trial	event_name	stim_presence	contrast	fp_color	response	awareness	trial_complete	fixation_break
708.700	0.000	trigger_101	101	708700	Trigger-In:101	1	trial_start	n/a	n/a	n/a	n/a	n/a	n/a	n/a
708.700	0.000	trigger_255	255	708700	Trigger-In:255	1	n/a	n/a	n/a	n/a	n/a	n/a	n/a	n/a
708.810	0.000	trigger_11	11	708810	Trigger-In:11	1	fixation_point_on	n/a	n/a	n/a	n/a	n/a	n/a	n/a
709.410	0.000	trigger_21	21	709410	Trigger-In:21	1	grating_on	n/a	n/a	n/a	n/a	n/a	n/a	n/a
709.480	0.000	trigger_20	20	709480	Trigger-In:20	1	grating_off	n/a	n/a	n/a	n/a	n/a	n/a	n/a
710.085	0.000	trigger_31	31	710085	Trigger-In:31	1	targets_on_fp_color_change	n/a	n/a	n/a	n/a	n/a	n/a	n/a
710.975	0.000	trigger_201	201	710975	Trigger-In:201	1	trial_end_completed	n/a	n/a	n/a	n/a	n/a	n/a	n/a
712.280	0.000	trigger_101	101	712280	Trigger-In:101	2	trial_start	n/a	n/a	n/a	n/a	n/a	n/a	n/a
712.390	0.000	trigger_11	11	712390	Trigger-In:11	2	fixation_point_on	n/a	n/a	n/a	n/a	n/a	n/a	n/a
712.990	0.000	trigger_21	21	712990	Trigger-In:21	2	grating_on	n/a	n/a	n/a	n/a	n/a	n/a	n/a
713.040	0.000	trigger_20	20	713040	Trigger-In:20	2	grating_off	n/a	n/a	n/a	n/a	n/a	n/a	n/a
713.640	0.000	trigger_31	31	713640	Trigger-In:31	2	targets_on_fp_color_change	n/a	n/a	n/a	n/a	n/a	n/a	n/a
714.250	0.000	trigger_201	201	714250	Trigger-In:201	2	trial_end_completed	n/a	n/a	n/a	n/a	n/a	n/a	n/a
715.330	0.000	trigger_101	101	715330	Trigger-In:101	3	trial_start	n/a	n/a	n/a	n/a	n/a	n/a	n/a
715.435	0.000	trigger_11	11	715435	Trigger-In:11	3	fixation_point_on	n/a	n/a	n/a	n/a	n/a	n/a	n/a
716.035	0.000	trigger_21	21	716035	Trigger-In:21	3	grating_on	n/a	n/a	n/a	n/a	n/a	n/a	n/a
716.085	0.000	trigger_20	20	716085	Trigger-In:20	3	grating_off	n/a	n/a	n/a	n/a	n/a	n/a	n/a
716.685	0.000	trigger_31	31	716685	Trigger-In:31	3	targets_on_fp_color_change	n/a	n/a	n/a	n/a	n/a	n/a	n/a
717.230	0.000	trigger_201	201	717230	Trigger-In:201	3	trial_end_completed	n/a	n/a	n/a	n/a	n/a	n/a	n/a
718.300	0.000	trigger_101	101	718300	Trigger-In:101	4	trial_start	n/a	n/a	n/a	n/a	n/a	n/a	n/a
718.405	0.000	trigger_11	11	718405	Trigger-In:11	4	fixation_point_on	n/a	n/a	n/a	n/a	n/a	n/a	n/a
719.005	0.000	trigger_21	21	719005	Trigger-In:21	4	grating_on	n/a	n/a	n/a	n/a	n/a	n/a	n/a
719.055	0.000	trigger_20	20	719055	Trigger-In:20	4	grating_off	n/a	n/a	n/a	n/a	n/a	n/a	n/a
719.655	0.000	trigger_31	31	719655	Trigger-In:31	4	targets_on_fp_color_change	n/a	n/a	n/a	n/a	n/a	n/a	n/a
720.210	0.000	trigger_201	201	720210	Trigger-In:201	4	trial_end_completed	n/a	n/a	n/a	n/a	n/a	n/a	n/a
721.275	0.000	trigger_101	101	721275	Trigger-In:101	5	trial_start	n/a	n/a	n/a	n/a	n/a	n/a	n/a
721.380	0.000	trigger_11	11	721380	Trigger-In:11	5	fixation_point_on	n/a	n/a	n/a	n/a	n/a	n/a	n/a
721.980	0.000	trigger_21	21	721980	Trigger-In:21	5	grating_on	n/a	n/a	n/a	n/a	n/a	n/a	n/a
722.030	0.000	trigger_20	20	722030	Trigger-In:20	5	grating_off	n/a	n/a	n/a	n/a	n/a	n/a	n/a
722.630	0.000	trigger_31	31	722630	Trigger-In:31	5	targets_on_fp_color_change	n/a	n/a	n/a	n/a	n/a	n/a	n/a
723.360	0.000	trigger_201	201	723360	Trigger-In:201	5	trial_end_completed	n/a	n/a	n/a	n/a	n/a	n/a	n/a
724.435	0.000	trigger_101	101	724435	Trigger-In:101	6	trial_start	n/a	n/a	n/a	n/a	n/a	n/a	n/a
724.540	0.000	trigger_11	11	724540	Trigger-In:11	6	fixation_point_on	n/a	n/a	n/a	n/a	n/a	n/a	n/a
725.140	0.000	trigger_21	21	725140	Trigger-In:21	6	grating_on	n/a	n/a	n/a	n/a	n/a	n/a	n/a
725.190	0.000	trigger_20	20	725190	Trigger-In:20	6	grating_off	n/a	n/a	n/a	n/a	n/a	n/a	n/a
725.790	0.000	trigger_31	31	725790	Trigger-In:31	6	targets_on_fp_color_change	n/a	n/a	n/a	n/a	n/a	n/a	n/a
726.500	0.000	trigger_201	201	726500	Trigger-In:201	6	trial_end_completed	n/a	n/a	n/a	n/a	n/a	n/a	n/a
727.575	0.000	trigger_101	101	727575	Trigger-In:101	7	trial_start	n/a	n/a	n/a	n/a	n/a	n/a	n/a
727.675	0.000	trigger_11	11	727675	Trigger-In:11	7	fixation_point_on	n/a	n/a	n/a	n/a	n/a	n/a	n/a
728.275	0.000	trigger_21	21	728275	Trigger-In:21	7	grating_on	n/a	n/a	n/a	n/a	n/a	n/a	n/a
728.325	0.000	trigger_20	20	728325	Trigger-In:20	7	grating_off	n/a	n/a	n/a	n/a	n/a	n/a	n/a
728.930	0.000	trigger_31	31	728930	Trigger-In:31	7	targets_on_fp_color_change	n/a	n/a	n/a	n/a	n/a	n/a	n/a
729.515	0.000	trigger_201	201	729515	Trigger-In:201	7	trial_end_completed	n/a	n/a	n/a	n/a	n/a	n/a	n/a
730.585	0.000	trigger_101	101	730585	Trigger-In:101	8	trial_start	n/a	n/a	n/a	n/a	n/a	n/a	n/a
730.690	0.000	trigger_11	11	730690	Trigger-In:11	8	fixation_point_on	n/a	n/a	n/a	n/a	n/a	n/a	n/a
731.290	0.000	trigger_21	21	731290	Trigger-In:21	8	grating_on	n/a	n/a	n/a	n/a	n/a	n/a	n/a
731.340	0.000	trigger_20	20	731340	Trigger-In:20	8	grating_off	n/a	n/a	n/a	n/a	n/a	n/a	n/a
731.940	0.000	trigger_31	31	731940	Trigger-In:31	8	targets_on_fp_color_change	n/a	n/a	n/a	n/a	n/a	n/a	n/a
732.875	0.000	trigger_201	201	732875	Trigger-In:201	8	trial_end_completed	n/a	n/a	n/a	n/a	n/a	n/a	n/a
733.940	0.000	trigger_101	101	733940	Trigger-In:101	9	trial_start	n/a	n/a	n/a	n/a	n/a	n/a	n/a
734.045	0.000	trigger_11	11	734045	Trigger-In:11	9	fixation_point_on	n/a	n/a	n/a	n/a	n/a	n/a	n/a
734.645	0.000	trigger_21	21	734645	Trigger-In:21	9	grating_on	n/a	n/a	n/a	n/a	n/a	n/a	n/a
734.700	0.000	trigger_20	20	734700	Trigger-In:20	9	grating_off	n/a	n/a	n/a	n/a	n/a	n/a	n/a
735.300	0.000	trigger_31	31	735300	Trigger-In:31	9	targets_on_fp_color_change	n/a	n/a	n/a	n/a	n/a	n/a	n/a
736.195	0.000	trigger_201	201	736195	Trigger-In:201	9	trial_end_completed	n/a	n/a	n/a	n/a	n/a	n/a	n/a
737.260	0.000	trigger_101	101	737260	Trigger-In:101	10	trial_start	n/a	n/a	n/a	n/a	n/a	n/a	n/a
737.365	0.000	trigger_11	11	737365	Trigger-In:11	10	fixation_point_on	n/a	n/a	n/a	n/a	n/a	n/a	n/a
737.965	0.000	trigger_21	21	737965	Trigger-In:21	10	grating_on	n/a	n/a	n/a	n/a	n/a	n/a	n/a
738.015	0.000	trigger_20	20	738015	Trigger-In:20	10	grating_off	n/a	n/a	n/a	n/a	n/a	n/a	n/a
738.615	0.000	trigger_31	31	738615	Trigger-In:31	10	targets_on_fp_color_change	n/a	n/a	n/a	n/a	n/a	n/a	n/a
739.185	0.000	trigger_201	201	739185	Trigger-In:201	10	trial_end_completed	n/a	n/a	n/a	n/a	n/a	n/a	n/a
740.250	0.000	trigger_101	101	740250	Trigger-In:101	11	trial_start	n/a	n/a	n/a	n/a	n/a	n/a	n/a
740.355	0.000	trigger_11	11	740355	Trigger-In:11	11	fixation_point_on	n/a	n/a	n/a	n/a	n/a	n/a	n/a
740.955	0.000	trigger_21	21	740955	Trigger-In:21	11	grating_on	n/a	n/a	n/a	n/a	n/a	n/a	n/a
741.005	0.000	trigger_20	20	741005	Trigger-In:20	11	grating_off	n/a	n/a	n/a	n/a	n/a	n/a	n/a
741.605	0.000	trigger_31	31	741605	Trigger-In:31	11	targets_on_fp_color_change	n/a	n/a	n/a	n/a	n/a	n/a	n/a
742.210	0.000	trigger_201	201	742210	Trigger-In:201	11	trial_end_completed	n/a	n/a	n/a	n/a	n/a	n/a	n/a
743.275	0.000	trigger_101	101	743275	Trigger-In:101	12	trial_start	n/a	n/a	n/a	n/a	n/a	n/a	n/a
743.615	0.000	trigger_11	11	743615	Trigger-In:11	12	fixation_point_on	n/a	n/a	n/a	n/a	n/a	n/a	n/a
744.215	0.000	trigger_21	21	744215	Trigger-In:21	12	grating_on	n/a	n/a	n/a	n/a	n/a	n/a	n/a
744.265	0.000	trigger_20	20	744265	Trigger-In:20	12	grating_off	n/a	n/a	n/a	n/a	n/a	n/a	n/a
744.865	0.000	trigger_31	31	744865	Trigger-In:31	12	targets_on_fp_color_change	n/a	n/a	n/a	n/a	n/a	n/a	n/a
745.545	0.000	trigger_201	201	745545	Trigger-In:201	12	trial_end_completed	n/a	n/a	n/a	n/a	n/a	n/a	n/a
746.615	0.000	trigger_101	101	746615	Trigger-In:101	13	trial_start	n/a	n/a	n/a	n/a	n/a	n/a	n/a
746.720	0.000	trigger_11	11	746720	Trigger-In:11	13	fixation_point_on	n/a	n/a	n/a	n/a	n/a	n/a	n/a
747.320	0.000	trigger_21	21	747320	Trigger-In:21	13	grating_on	n/a	n/a	n/a	n/a	n/a	n/a	n/a
747.370	0.000	trigger_20	20	747370	Trigger-In:20	13	grating_off	n/a	n/a	n/a	n/a	n/a	n/a	n/a
747.970	0.000	trigger_31	31	747970	Trigger-In:31	13	targets_on_fp_color_change	n/a	n/a	n/a	n/a	n/a	n/a	n/a
748.605	0.000	trigger_201	201	748605	Trigger-In:201	13	trial_end_completed	n/a	n/a	n/a	n/a	n/a	n/a	n/a
749.675	0.000	trigger_101	101	749675	Trigger-In:101	14	trial_start	n/a	n/a	n/a	n/a	n/a	n/a	n/a
749.995	0.000	trigger_11	11	749995	Trigger-In:11	14	fixation_point_on	n/a	n/a	n/a	n/a	n/a	n/a	n/a
750.595	0.000	trigger_21	21	750595	Trigger-In:21	14	grating_on	n/a	n/a	n/a	n/a	n/a	n/a	n/a
750.645	0.000	trigger_20	20	750645	Trigger-In:20	14	grating_off	n/a	n/a	n/a	n/a	n/a	n/a	n/a
751.245	0.000	trigger_31	31	751245	Trigger-In:31	14	targets_on_fp_color_change	n/a	n/a	n/a	n/a	n/a	n/a	n/a
751.850	0.000	trigger_201	201	751850	Trigger-In:201	14	trial_end_completed	n/a	n/a	n/a	n/a	n/a	n/a	n/a
752.920	0.000	trigger_101	101	752920	Trigger-In:101	15	trial_start	n/a	n/a	n/a	n/a	n/a	n/a	n/a
753.020	0.000	trigger_11	11	753020	Trigger-In:11	15	fixation_point_on	n/a	n/a	n/a	n/a	n/a	n/a	n/a
753.620	0.000	trigger_21	21	753620	Trigger-In:21	15	grating_on	n/a	n/a	n/a	n/a	n/a	n/a	n/a
753.675	0.000	trigger_20	20	753675	Trigger-In:20	15	grating_off	n/a	n/a	n/a	n/a	n/a	n/a	n/a
754.275	0.000	trigger_31	31	754275	Trigger-In:31	15	targets_on_fp_color_change	n/a	n/a	n/a	n/a	n/a	n/a	n/a
754.915	0.000	trigger_201	201	754915	Trigger-In:201	15	trial_end_completed	n/a	n/a	n/a	n/a	n/a	n/a	n/a
755.980	0.000	trigger_101	101	755980	Trigger-In:101	16	trial_start	n/a	n/a	n/a	n/a	n/a	n/a	n/a
756.085	0.000	trigger_11	11	756085	Trigger-In:11	16	fixation_point_on	n/a	n/a	n/a	n/a	n/a	n/a	n/a
756.685	0.000	trigger_21	21	756685	Trigger-In:21	16	grating_on	n/a	n/a	n/a	n/a	n/a	n/a	n/a
756.735	0.000	trigger_20	20	756735	Trigger-In:20	16	grating_off	n/a	n/a	n/a	n/a	n/a	n/a	n/a
757.340	0.000	trigger_31	31	757340	Trigger-In:31	16	targets_on_fp_color_change	n/a	n/a	n/a	n/a	n/a	n/a	n/a
758.140	0.000	trigger_201	201	758140	Trigger-In:201	16	trial_end_completed	n/a	n/a	n/a	n/a	n/a	n/a	n/a
759.210	0.000	trigger_101	101	759210	Trigger-In:101	17	trial_start	n/a	n/a	n/a	n/a	n/a	n/a	n/a
759.315	0.000	trigger_11	11	759315	Trigger-In:11	17	fixation_point_on	n/a	n/a	n/a	n/a	n/a	n/a	n/a
759.915	0.000	trigger_21	21	759915	Trigger-In:21	17	grating_on	n/a	n/a	n/a	n/a	n/a	n/a	n/a
759.965	0.000	trigger_20	20	759965	Trigger-In:20	17	grating_off	n/a	n/a	n/a	n/a	n/a	n/a	n/a
760.565	0.000	trigger_31	31	760565	Trigger-In:31	17	targets_on_fp_color_change	n/a	n/a	n/a	n/a	n/a	n/a	n/a
761.260	0.000	trigger_201	201	761260	Trigger-In:201	17	trial_end_completed	n/a	n/a	n/a	n/a	n/a	n/a	n/a
762.330	0.000	trigger_101	101	762330	Trigger-In:101	18	trial_start	n/a	n/a	n/a	n/a	n/a	n/a	n/a
762.435	0.000	trigger_11	11	762435	Trigger-In:11	18	fixation_point_on	n/a	n/a	n/a	n/a	n/a	n/a	n/a
763.035	0.000	trigger_21	21	763035	Trigger-In:21	18	grating_on	n/a	n/a	n/a	n/a	n/a	n/a	n/a
763.085	0.000	trigger_20	20	763085	Trigger-In:20	18	grating_off	n/a	n/a	n/a	n/a	n/a	n/a	n/a
763.685	0.000	trigger_31	31	763685	Trigger-In:31	18	targets_on_fp_color_change	n/a	n/a	n/a	n/a	n/a	n/a	n/a
764.410	0.000	trigger_201	201	764410	Trigger-In:201	18	trial_end_completed	n/a	n/a	n/a	n/a	n/a	n/a	n/a
765.475	0.000	trigger_101	101	765475	Trigger-In:101	19	trial_start	n/a	n/a	n/a	n/a	n/a	n/a	n/a
765.585	0.000	trigger_11	11	765585	Trigger-In:11	19	fixation_point_on	n/a	n/a	n/a	n/a	n/a	n/a	n/a
766.185	0.000	trigger_21	21	766185	Trigger-In:21	19	grating_on	n/a	n/a	n/a	n/a	n/a	n/a	n/a
766.235	0.000	trigger_20	20	766235	Trigger-In:20	19	grating_off	n/a	n/a	n/a	n/a	n/a	n/a	n/a
766.835	0.000	trigger_31	31	766835	Trigger-In:31	19	targets_on_fp_color_change	n/a	n/a	n/a	n/a	n/a	n/a	n/a
767.550	0.000	trigger_201	201	767550	Trigger-In:201	19	trial_end_completed	n/a	n/a	n/a	n/a	n/a	n/a	n/a
768.620	0.000	trigger_101	101	768620	Trigger-In:101	20	trial_start	n/a	n/a	n/a	n/a	n/a	n/a	n/a
768.720	0.000	trigger_11	11	768720	Trigger-In:11	20	fixation_point_on	n/a	n/a	n/a	n/a	n/a	n/a	n/a
769.325	0.000	trigger_21	21	769325	Trigger-In:21	20	grating_on	n/a	n/a	n/a	n/a	n/a	n/a	n/a
769.375	0.000	trigger_20	20	769375	Trigger-In:20	20	grating_off	n/a	n/a	n/a	n/a	n/a	n/a	n/a
769.975	0.000	trigger_31	31	769975	Trigger-In:31	20	targets_on_fp_color_change	n/a	n/a	n/a	n/a	n/a	n/a	n/a
770.835	0.000	trigger_201	201	770835	Trigger-In:201	20	trial_end_completed	n/a	n/a	n/a	n/a	n/a	n/a	n/a
771.905	0.000	trigger_101	101	771905	Trigger-In:101	21	trial_start	n/a	n/a	n/a	n/a	n/a	n/a	n/a
772.005	0.000	trigger_11	11	772005	Trigger-In:11	21	fixation_point_on	n/a	n/a	n/a	n/a	n/a	n/a	n/a
772.605	0.000	trigger_21	21	772605	Trigger-In:21	21	grating_on	n/a	n/a	n/a	n/a	n/a	n/a	n/a
772.655	0.000	trigger_20	20	772655	Trigger-In:20	21	grating_off	n/a	n/a	n/a	n/a	n/a	n/a	n/a
773.260	0.000	trigger_31	31	773260	Trigger-In:31	21	targets_on_fp_color_change	n/a	n/a	n/a	n/a	n/a	n/a	n/a
774.000	0.000	trigger_201	201	774000	Trigger-In:201	21	trial_end_completed	n/a	n/a	n/a	n/a	n/a	n/a	n/a
775.070	0.000	trigger_101	101	775070	Trigger-In:101	22	trial_start	n/a	n/a	n/a	n/a	n/a	n/a	n/a
775.280	0.000	trigger_11	11	775280	Trigger-In:11	22	fixation_point_on	n/a	n/a	n/a	n/a	n/a	n/a	n/a
775.880	0.000	trigger_21	21	775880	Trigger-In:21	22	grating_on	n/a	n/a	n/a	n/a	n/a	n/a	n/a
775.930	0.000	trigger_20	20	775930	Trigger-In:20	22	grating_off	n/a	n/a	n/a	n/a	n/a	n/a	n/a
776.530	0.000	trigger_31	31	776530	Trigger-In:31	22	targets_on_fp_color_change	n/a	n/a	n/a	n/a	n/a	n/a	n/a
777.365	0.000	trigger_201	201	777365	Trigger-In:201	22	trial_end_completed	n/a	n/a	n/a	n/a	n/a	n/a	n/a
778.435	0.000	trigger_101	101	778435	Trigger-In:101	23	trial_start	n/a	n/a	n/a	n/a	n/a	n/a	n/a
778.540	0.000	trigger_11	11	778540	Trigger-In:11	23	fixation_point_on	n/a	n/a	n/a	n/a	n/a	n/a	n/a
779.135	0.000	trigger_21	21	779135	Trigger-In:21	23	grating_on	n/a	n/a	n/a	n/a	n/a	n/a	n/a
779.190	0.000	trigger_20	20	779190	Trigger-In:20	23	grating_off	n/a	n/a	n/a	n/a	n/a	n/a	n/a
779.790	0.000	trigger_31	31	779790	Trigger-In:31	23	targets_on_fp_color_change	n/a	n/a	n/a	n/a	n/a	n/a	n/a
780.440	0.000	trigger_201	201	780440	Trigger-In:201	23	trial_end_completed	n/a	n/a	n/a	n/a	n/a	n/a	n/a
781.505	0.000	trigger_101	101	781505	Trigger-In:101	24	trial_start	n/a	n/a	n/a	n/a	n/a	n/a	n/a
781.610	0.000	trigger_11	11	781610	Trigger-In:11	24	fixation_point_on	n/a	n/a	n/a	n/a	n/a	n/a	n/a
782.210	0.000	trigger_21	21	782210	Trigger-In:21	24	grating_on	n/a	n/a	n/a	n/a	n/a	n/a	n/a
782.265	0.000	trigger_20	20	782265	Trigger-In:20	24	grating_off	n/a	n/a	n/a	n/a	n/a	n/a	n/a
782.865	0.000	trigger_31	31	782865	Trigger-In:31	24	targets_on_fp_color_change	n/a	n/a	n/a	n/a	n/a	n/a	n/a
783.580	0.000	trigger_201	201	783580	Trigger-In:201	24	trial_end_completed	n/a	n/a	n/a	n/a	n/a	n/a	n/a
784.650	0.000	trigger_101	101	784650	Trigger-In:101	25	trial_start	n/a	n/a	n/a	n/a	n/a	n/a	n/a
784.755	0.000	trigger_11	11	784755	Trigger-In:11	25	fixation_point_on	n/a	n/a	n/a	n/a	n/a	n/a	n/a
785.355	0.000	trigger_21	21	785355	Trigger-In:21	25	grating_on	n/a	n/a	n/a	n/a	n/a	n/a	n/a
785.405	0.000	trigger_20	20	785405	Trigger-In:20	25	grating_off	n/a	n/a	n/a	n/a	n/a	n/a	n/a
786.005	0.000	trigger_31	31	786005	Trigger-In:31	25	targets_on_fp_color_change	n/a	n/a	n/a	n/a	n/a	n/a	n/a
786.855	0.000	trigger_201	201	786855	Trigger-In:201	25	trial_end_completed	n/a	n/a	n/a	n/a	n/a	n/a	n/a
787.920	0.000	trigger_101	101	787920	Trigger-In:101	26	trial_start	n/a	n/a	n/a	n/a	n/a	n/a	n/a
788.025	0.000	trigger_11	11	788025	Trigger-In:11	26	fixation_point_on	n/a	n/a	n/a	n/a	n/a	n/a	n/a
788.625	0.000	trigger_21	21	788625	Trigger-In:21	26	grating_on	n/a	n/a	n/a	n/a	n/a	n/a	n/a
788.675	0.000	trigger_20	20	788675	Trigger-In:20	26	grating_off	n/a	n/a	n/a	n/a	n/a	n/a	n/a
789.280	0.000	trigger_31	31	789280	Trigger-In:31	26	targets_on_fp_color_change	n/a	n/a	n/a	n/a	n/a	n/a	n/a
790.115	0.000	trigger_201	201	790115	Trigger-In:201	26	trial_end_completed	n/a	n/a	n/a	n/a	n/a	n/a	n/a
791.180	0.000	trigger_101	101	791180	Trigger-In:101	27	trial_start	n/a	n/a	n/a	n/a	n/a	n/a	n/a
791.375	0.000	trigger_11	11	791375	Trigger-In:11	27	fixation_point_on	n/a	n/a	n/a	n/a	n/a	n/a	n/a
791.975	0.000	trigger_21	21	791975	Trigger-In:21	27	grating_on	n/a	n/a	n/a	n/a	n/a	n/a	n/a
792.025	0.000	trigger_20	20	792025	Trigger-In:20	27	grating_off	n/a	n/a	n/a	n/a	n/a	n/a	n/a
792.625	0.000	trigger_31	31	792625	Trigger-In:31	27	targets_on_fp_color_change	n/a	n/a	n/a	n/a	n/a	n/a	n/a
793.385	0.000	trigger_201	201	793385	Trigger-In:201	27	trial_end_completed	n/a	n/a	n/a	n/a	n/a	n/a	n/a
794.455	0.000	trigger_101	101	794455	Trigger-In:101	28	trial_start	n/a	n/a	n/a	n/a	n/a	n/a	n/a
794.560	0.000	trigger_11	11	794560	Trigger-In:11	28	fixation_point_on	n/a	n/a	n/a	n/a	n/a	n/a	n/a
795.160	0.000	trigger_21	21	795160	Trigger-In:21	28	grating_on	n/a	n/a	n/a	n/a	n/a	n/a	n/a
795.210	0.000	trigger_20	20	795210	Trigger-In:20	28	grating_off	n/a	n/a	n/a	n/a	n/a	n/a	n/a
795.815	0.000	trigger_31	31	795815	Trigger-In:31	28	targets_on_fp_color_change	n/a	n/a	n/a	n/a	n/a	n/a	n/a
796.385	0.000	trigger_201	201	796385	Trigger-In:201	28	trial_end_completed	n/a	n/a	n/a	n/a	n/a	n/a	n/a
797.455	0.000	trigger_101	101	797455	Trigger-In:101	29	trial_start	n/a	n/a	n/a	n/a	n/a	n/a	n/a
797.560	0.000	trigger_11	11	797560	Trigger-In:11	29	fixation_point_on	n/a	n/a	n/a	n/a	n/a	n/a	n/a
798.160	0.000	trigger_21	21	798160	Trigger-In:21	29	grating_on	n/a	n/a	n/a	n/a	n/a	n/a	n/a
798.210	0.000	trigger_20	20	798210	Trigger-In:20	29	grating_off	n/a	n/a	n/a	n/a	n/a	n/a	n/a
798.810	0.000	trigger_31	31	798810	Trigger-In:31	29	targets_on_fp_color_change	n/a	n/a	n/a	n/a	n/a	n/a	n/a
799.640	0.000	trigger_201	201	799640	Trigger-In:201	29	trial_end_completed	n/a	n/a	n/a	n/a	n/a	n/a	n/a
800.710	0.000	trigger_101	101	800710	Trigger-In:101	30	trial_start	n/a	n/a	n/a	n/a	n/a	n/a	n/a
800.815	0.000	trigger_11	11	800815	Trigger-In:11	30	fixation_point_on	n/a	n/a	n/a	n/a	n/a	n/a	n/a
801.415	0.000	trigger_21	21	801415	Trigger-In:21	30	grating_on	n/a	n/a	n/a	n/a	n/a	n/a	n/a
801.465	0.000	trigger_20	20	801465	Trigger-In:20	30	grating_off	n/a	n/a	n/a	n/a	n/a	n/a	n/a
802.065	0.000	trigger_31	31	802065	Trigger-In:31	30	targets_on_fp_color_change	n/a	n/a	n/a	n/a	n/a	n/a	n/a
802.750	0.000	trigger_201	201	802750	Trigger-In:201	30	trial_end_completed	n/a	n/a	n/a	n/a	n/a	n/a	n/a
803.820	0.000	trigger_101	101	803820	Trigger-In:101	31	trial_start	n/a	n/a	n/a	n/a	n/a	n/a	n/a
803.920	0.000	trigger_11	11	803920	Trigger-In:11	31	fixation_point_on	n/a	n/a	n/a	n/a	n/a	n/a	n/a
804.520	0.000	trigger_21	21	804520	Trigger-In:21	31	grating_on	n/a	n/a	n/a	n/a	n/a	n/a	n/a
804.570	0.000	trigger_20	20	804570	Trigger-In:20	31	grating_off	n/a	n/a	n/a	n/a	n/a	n/a	n/a
805.175	0.000	trigger_31	31	805175	Trigger-In:31	31	targets_on_fp_color_change	n/a	n/a	n/a	n/a	n/a	n/a	n/a
805.860	0.000	trigger_201	201	805860	Trigger-In:201	31	trial_end_completed	n/a	n/a	n/a	n/a	n/a	n/a	n/a
806.925	0.000	trigger_101	101	806925	Trigger-In:101	32	trial_start	n/a	n/a	n/a	n/a	n/a	n/a	n/a
807.165	0.000	trigger_11	11	807165	Trigger-In:11	32	fixation_point_on	n/a	n/a	n/a	n/a	n/a	n/a	n/a
807.765	0.000	trigger_21	21	807765	Trigger-In:21	32	grating_on	n/a	n/a	n/a	n/a	n/a	n/a	n/a
807.820	0.000	trigger_20	20	807820	Trigger-In:20	32	grating_off	n/a	n/a	n/a	n/a	n/a	n/a	n/a
808.420	0.000	trigger_31	31	808420	Trigger-In:31	32	targets_on_fp_color_change	n/a	n/a	n/a	n/a	n/a	n/a	n/a
809.320	0.000	trigger_201	201	809320	Trigger-In:201	32	trial_end_completed	n/a	n/a	n/a	n/a	n/a	n/a	n/a
810.390	0.000	trigger_101	101	810390	Trigger-In:101	33	trial_start	n/a	n/a	n/a	n/a	n/a	n/a	n/a
810.490	0.000	trigger_11	11	810490	Trigger-In:11	33	fixation_point_on	n/a	n/a	n/a	n/a	n/a	n/a	n/a
811.095	0.000	trigger_21	21	811095	Trigger-In:21	33	grating_on	n/a	n/a	n/a	n/a	n/a	n/a	n/a
811.145	0.000	trigger_20	20	811145	Trigger-In:20	33	grating_off	n/a	n/a	n/a	n/a	n/a	n/a	n/a
811.745	0.000	trigger_31	31	811745	Trigger-In:31	33	targets_on_fp_color_change	n/a	n/a	n/a	n/a	n/a	n/a	n/a
812.495	0.000	trigger_201	201	812495	Trigger-In:201	33	trial_end_completed	n/a	n/a	n/a	n/a	n/a	n/a	n/a
813.560	0.000	trigger_101	101	813560	Trigger-In:101	34	trial_start	n/a	n/a	n/a	n/a	n/a	n/a	n/a
813.670	0.000	trigger_11	11	813670	Trigger-In:11	34	fixation_point_on	n/a	n/a	n/a	n/a	n/a	n/a	n/a
814.270	0.000	trigger_21	21	814270	Trigger-In:21	34	grating_on	n/a	n/a	n/a	n/a	n/a	n/a	n/a
814.320	0.000	trigger_20	20	814320	Trigger-In:20	34	grating_off	n/a	n/a	n/a	n/a	n/a	n/a	n/a
814.920	0.000	trigger_31	31	814920	Trigger-In:31	34	targets_on_fp_color_change	n/a	n/a	n/a	n/a	n/a	n/a	n/a
815.895	0.000	trigger_201	201	815895	Trigger-In:201	34	trial_end_completed	n/a	n/a	n/a	n/a	n/a	n/a	n/a
816.965	0.000	trigger_101	101	816965	Trigger-In:101	35	trial_start	n/a	n/a	n/a	n/a	n/a	n/a	n/a
817.200	0.000	trigger_11	11	817200	Trigger-In:11	35	fixation_point_on	n/a	n/a	n/a	n/a	n/a	n/a	n/a
817.800	0.000	trigger_21	21	817800	Trigger-In:21	35	grating_on	n/a	n/a	n/a	n/a	n/a	n/a	n/a
817.850	0.000	trigger_20	20	817850	Trigger-In:20	35	grating_off	n/a	n/a	n/a	n/a	n/a	n/a	n/a
818.450	0.000	trigger_31	31	818450	Trigger-In:31	35	targets_on_fp_color_change	n/a	n/a	n/a	n/a	n/a	n/a	n/a
819.180	0.000	trigger_201	201	819180	Trigger-In:201	35	trial_end_completed	n/a	n/a	n/a	n/a	n/a	n/a	n/a
820.250	0.000	trigger_101	101	820250	Trigger-In:101	36	trial_start	n/a	n/a	n/a	n/a	n/a	n/a	n/a
820.350	0.000	trigger_11	11	820350	Trigger-In:11	36	fixation_point_on	n/a	n/a	n/a	n/a	n/a	n/a	n/a
820.950	0.000	trigger_21	21	820950	Trigger-In:21	36	grating_on	n/a	n/a	n/a	n/a	n/a	n/a	n/a
821.000	0.000	trigger_20	20	821000	Trigger-In:20	36	grating_off	n/a	n/a	n/a	n/a	n/a	n/a	n/a
821.600	0.000	trigger_31	31	821600	Trigger-In:31	36	targets_on_fp_color_change	n/a	n/a	n/a	n/a	n/a	n/a	n/a
822.300	0.000	trigger_201	201	822300	Trigger-In:201	36	trial_end_completed	n/a	n/a	n/a	n/a	n/a	n/a	n/a
823.370	0.000	trigger_101	101	823370	Trigger-In:101	37	trial_start	n/a	n/a	n/a	n/a	n/a	n/a	n/a
823.475	0.000	trigger_11	11	823475	Trigger-In:11	37	fixation_point_on	n/a	n/a	n/a	n/a	n/a	n/a	n/a
824.075	0.000	trigger_21	21	824075	Trigger-In:21	37	grating_on	n/a	n/a	n/a	n/a	n/a	n/a	n/a
824.125	0.000	trigger_20	20	824125	Trigger-In:20	37	grating_off	n/a	n/a	n/a	n/a	n/a	n/a	n/a
824.725	0.000	trigger_31	31	824725	Trigger-In:31	37	targets_on_fp_color_change	n/a	n/a	n/a	n/a	n/a	n/a	n/a
825.535	0.000	trigger_201	201	825535	Trigger-In:201	37	trial_end_completed	n/a	n/a	n/a	n/a	n/a	n/a	n/a
826.610	0.000	trigger_101	101	826610	Trigger-In:101	38	trial_start	n/a	n/a	n/a	n/a	n/a	n/a	n/a
826.710	0.000	trigger_11	11	826710	Trigger-In:11	38	fixation_point_on	n/a	n/a	n/a	n/a	n/a	n/a	n/a
827.310	0.000	trigger_21	21	827310	Trigger-In:21	38	grating_on	n/a	n/a	n/a	n/a	n/a	n/a	n/a
827.360	0.000	trigger_20	20	827360	Trigger-In:20	38	grating_off	n/a	n/a	n/a	n/a	n/a	n/a	n/a
827.960	0.000	trigger_31	31	827960	Trigger-In:31	38	targets_on_fp_color_change	n/a	n/a	n/a	n/a	n/a	n/a	n/a
828.590	0.000	trigger_201	201	828590	Trigger-In:201	38	trial_end_completed	n/a	n/a	n/a	n/a	n/a	n/a	n/a
829.655	0.000	trigger_101	101	829655	Trigger-In:101	39	trial_start	n/a	n/a	n/a	n/a	n/a	n/a	n/a
829.770	0.000	trigger_11	11	829770	Trigger-In:11	39	fixation_point_on	n/a	n/a	n/a	n/a	n/a	n/a	n/a
830.370	0.000	trigger_21	21	830370	Trigger-In:21	39	grating_on	n/a	n/a	n/a	n/a	n/a	n/a	n/a
830.425	0.000	trigger_20	20	830425	Trigger-In:20	39	grating_off	n/a	n/a	n/a	n/a	n/a	n/a	n/a
831.025	0.000	trigger_31	31	831025	Trigger-In:31	39	targets_on_fp_color_change	n/a	n/a	n/a	n/a	n/a	n/a	n/a
831.950	0.000	trigger_201	201	831950	Trigger-In:201	39	trial_end_completed	n/a	n/a	n/a	n/a	n/a	n/a	n/a
833.030	0.000	trigger_101	101	833030	Trigger-In:101	40	trial_start	n/a	n/a	n/a	n/a	n/a	n/a	n/a
833.140	0.000	trigger_11	11	833140	Trigger-In:11	40	fixation_point_on	n/a	n/a	n/a	n/a	n/a	n/a	n/a
833.740	0.000	trigger_21	21	833740	Trigger-In:21	40	grating_on	n/a	n/a	n/a	n/a	n/a	n/a	n/a
833.790	0.000	trigger_20	20	833790	Trigger-In:20	40	grating_off	n/a	n/a	n/a	n/a	n/a	n/a	n/a
834.390	0.000	trigger_31	31	834390	Trigger-In:31	40	targets_on_fp_color_change	n/a	n/a	n/a	n/a	n/a	n/a	n/a
835.110	0.000	trigger_201	201	835110	Trigger-In:201	40	trial_end_completed	n/a	n/a	n/a	n/a	n/a	n/a	n/a
836.180	0.000	trigger_101	101	836180	Trigger-In:101	41	trial_start	n/a	n/a	n/a	n/a	n/a	n/a	n/a
836.285	0.000	trigger_11	11	836285	Trigger-In:11	41	fixation_point_on	n/a	n/a	n/a	n/a	n/a	n/a	n/a
836.900	0.000	trigger_21	21	836900	Trigger-In:21	41	grating_on	n/a	n/a	n/a	n/a	n/a	n/a	n/a
836.955	0.000	trigger_20	20	836955	Trigger-In:20	41	grating_off	n/a	n/a	n/a	n/a	n/a	n/a	n/a
837.560	0.000	trigger_31	31	837560	Trigger-In:31	41	targets_on_fp_color_change	n/a	n/a	n/a	n/a	n/a	n/a	n/a
838.215	0.000	trigger_201	201	838215	Trigger-In:201	41	trial_end_completed	n/a	n/a	n/a	n/a	n/a	n/a	n/a
839.285	0.000	trigger_101	101	839285	Trigger-In:101	42	trial_start	n/a	n/a	n/a	n/a	n/a	n/a	n/a
839.390	0.000	trigger_11	11	839390	Trigger-In:11	42	fixation_point_on	n/a	n/a	n/a	n/a	n/a	n/a	n/a
839.990	0.000	trigger_21	21	839990	Trigger-In:21	42	grating_on	n/a	n/a	n/a	n/a	n/a	n/a	n/a
840.040	0.000	trigger_20	20	840040	Trigger-In:20	42	grating_off	n/a	n/a	n/a	n/a	n/a	n/a	n/a
840.640	0.000	trigger_31	31	840640	Trigger-In:31	42	targets_on_fp_color_change	n/a	n/a	n/a	n/a	n/a	n/a	n/a
841.420	0.000	trigger_201	201	841420	Trigger-In:201	42	trial_end_completed	n/a	n/a	n/a	n/a	n/a	n/a	n/a
842.490	0.000	trigger_101	101	842490	Trigger-In:101	43	trial_start	n/a	n/a	n/a	n/a	n/a	n/a	n/a
842.595	0.000	trigger_11	11	842595	Trigger-In:11	43	fixation_point_on	n/a	n/a	n/a	n/a	n/a	n/a	n/a
843.195	0.000	trigger_21	21	843195	Trigger-In:21	43	grating_on	n/a	n/a	n/a	n/a	n/a	n/a	n/a
843.245	0.000	trigger_20	20	843245	Trigger-In:20	43	grating_off	n/a	n/a	n/a	n/a	n/a	n/a	n/a
843.845	0.000	trigger_31	31	843845	Trigger-In:31	43	targets_on_fp_color_change	n/a	n/a	n/a	n/a	n/a	n/a	n/a
844.800	0.000	trigger_201	201	844800	Trigger-In:201	43	trial_end_completed	n/a	n/a	n/a	n/a	n/a	n/a	n/a
845.870	0.000	trigger_101	101	845870	Trigger-In:101	44	trial_start	n/a	n/a	n/a	n/a	n/a	n/a	n/a
846.080	0.000	trigger_11	11	846080	Trigger-In:11	44	fixation_point_on	n/a	n/a	n/a	n/a	n/a	n/a	n/a
846.685	0.000	trigger_21	21	846685	Trigger-In:21	44	grating_on	n/a	n/a	n/a	n/a	n/a	n/a	n/a
846.735	0.000	trigger_20	20	846735	Trigger-In:20	44	grating_off	n/a	n/a	n/a	n/a	n/a	n/a	n/a
847.335	0.000	trigger_31	31	847335	Trigger-In:31	44	targets_on_fp_color_change	n/a	n/a	n/a	n/a	n/a	n/a	n/a
848.100	0.000	trigger_201	201	848100	Trigger-In:201	44	trial_end_completed	n/a	n/a	n/a	n/a	n/a	n/a	n/a
849.165	0.000	trigger_101	101	849165	Trigger-In:101	45	trial_start	n/a	n/a	n/a	n/a	n/a	n/a	n/a
849.270	0.000	trigger_11	11	849270	Trigger-In:11	45	fixation_point_on	n/a	n/a	n/a	n/a	n/a	n/a	n/a
849.870	0.000	trigger_21	21	849870	Trigger-In:21	45	grating_on	n/a	n/a	n/a	n/a	n/a	n/a	n/a
849.925	0.000	trigger_20	20	849925	Trigger-In:20	45	grating_off	n/a	n/a	n/a	n/a	n/a	n/a	n/a
850.525	0.000	trigger_31	31	850525	Trigger-In:31	45	targets_on_fp_color_change	n/a	n/a	n/a	n/a	n/a	n/a	n/a
851.360	0.000	trigger_201	201	851360	Trigger-In:201	45	trial_end_completed	n/a	n/a	n/a	n/a	n/a	n/a	n/a
852.430	0.000	trigger_101	101	852430	Trigger-In:101	46	trial_start	n/a	n/a	n/a	n/a	n/a	n/a	n/a
852.700	0.000	trigger_11	11	852700	Trigger-In:11	46	fixation_point_on	n/a	n/a	n/a	n/a	n/a	n/a	n/a
853.300	0.000	trigger_21	21	853300	Trigger-In:21	46	grating_on	n/a	n/a	n/a	n/a	n/a	n/a	n/a
853.355	0.000	trigger_20	20	853355	Trigger-In:20	46	grating_off	n/a	n/a	n/a	n/a	n/a	n/a	n/a
853.955	0.000	trigger_31	31	853955	Trigger-In:31	46	targets_on_fp_color_change	n/a	n/a	n/a	n/a	n/a	n/a	n/a
854.605	0.000	trigger_201	201	854605	Trigger-In:201	46	trial_end_completed	n/a	n/a	n/a	n/a	n/a	n/a	n/a
855.675	0.000	trigger_101	101	855675	Trigger-In:101	47	trial_start	n/a	n/a	n/a	n/a	n/a	n/a	n/a
855.780	0.000	trigger_11	11	855780	Trigger-In:11	47	fixation_point_on	n/a	n/a	n/a	n/a	n/a	n/a	n/a
856.380	0.000	trigger_21	21	856380	Trigger-In:21	47	grating_on	n/a	n/a	n/a	n/a	n/a	n/a	n/a
856.435	0.000	trigger_20	20	856435	Trigger-In:20	47	grating_off	n/a	n/a	n/a	n/a	n/a	n/a	n/a
857.035	0.000	trigger_31	31	857035	Trigger-In:31	47	targets_on_fp_color_change	n/a	n/a	n/a	n/a	n/a	n/a	n/a
857.840	0.000	trigger_201	201	857840	Trigger-In:201	47	trial_end_completed	n/a	n/a	n/a	n/a	n/a	n/a	n/a
858.910	0.000	trigger_101	101	858910	Trigger-In:101	48	trial_start	n/a	n/a	n/a	n/a	n/a	n/a	n/a
859.015	0.000	trigger_11	11	859015	Trigger-In:11	48	fixation_point_on	n/a	n/a	n/a	n/a	n/a	n/a	n/a
859.615	0.000	trigger_21	21	859615	Trigger-In:21	48	grating_on	n/a	n/a	n/a	n/a	n/a	n/a	n/a
859.670	0.000	trigger_20	20	859670	Trigger-In:20	48	grating_off	n/a	n/a	n/a	n/a	n/a	n/a	n/a
860.270	0.000	trigger_31	31	860270	Trigger-In:31	48	targets_on_fp_color_change	n/a	n/a	n/a	n/a	n/a	n/a	n/a
861.060	0.000	trigger_201	201	861060	Trigger-In:201	48	trial_end_completed	n/a	n/a	n/a	n/a	n/a	n/a	n/a
862.130	0.000	trigger_101	101	862130	Trigger-In:101	49	trial_start	n/a	n/a	n/a	n/a	n/a	n/a	n/a
862.235	0.000	trigger_11	11	862235	Trigger-In:11	49	fixation_point_on	n/a	n/a	n/a	n/a	n/a	n/a	n/a
862.835	0.000	trigger_21	21	862835	Trigger-In:21	49	grating_on	n/a	n/a	n/a	n/a	n/a	n/a	n/a
862.885	0.000	trigger_20	20	862885	Trigger-In:20	49	grating_off	n/a	n/a	n/a	n/a	n/a	n/a	n/a
863.485	0.000	trigger_31	31	863485	Trigger-In:31	49	targets_on_fp_color_change	n/a	n/a	n/a	n/a	n/a	n/a	n/a
864.395	0.000	trigger_201	201	864395	Trigger-In:201	49	trial_end_completed	n/a	n/a	n/a	n/a	n/a	n/a	n/a
865.465	0.000	trigger_101	101	865465	Trigger-In:101	50	trial_start	n/a	n/a	n/a	n/a	n/a	n/a	n/a
865.570	0.000	trigger_11	11	865570	Trigger-In:11	50	fixation_point_on	n/a	n/a	n/a	n/a	n/a	n/a	n/a
866.170	0.000	trigger_21	21	866170	Trigger-In:21	50	grating_on	n/a	n/a	n/a	n/a	n/a	n/a	n/a
866.220	0.000	trigger_20	20	866220	Trigger-In:20	50	grating_off	n/a	n/a	n/a	n/a	n/a	n/a	n/a
866.825	0.000	trigger_31	31	866825	Trigger-In:31	50	targets_on_fp_color_change	n/a	n/a	n/a	n/a	n/a	n/a	n/a
867.450	0.000	trigger_201	201	867450	Trigger-In:201	50	trial_end_completed	n/a	n/a	n/a	n/a	n/a	n/a	n/a
868.520	0.000	trigger_101	101	868520	Trigger-In:101	51	trial_start	n/a	n/a	n/a	n/a	n/a	n/a	n/a
868.625	0.000	trigger_11	11	868625	Trigger-In:11	51	fixation_point_on	n/a	n/a	n/a	n/a	n/a	n/a	n/a
869.225	0.000	trigger_21	21	869225	Trigger-In:21	51	grating_on	n/a	n/a	n/a	n/a	n/a	n/a	n/a
869.275	0.000	trigger_20	20	869275	Trigger-In:20	51	grating_off	n/a	n/a	n/a	n/a	n/a	n/a	n/a
869.875	0.000	trigger_31	31	869875	Trigger-In:31	51	targets_on_fp_color_change	n/a	n/a	n/a	n/a	n/a	n/a	n/a
870.610	0.000	trigger_201	201	870610	Trigger-In:201	51	trial_end_completed	n/a	n/a	n/a	n/a	n/a	n/a	n/a
871.680	0.000	trigger_101	101	871680	Trigger-In:101	52	trial_start	n/a	n/a	n/a	n/a	n/a	n/a	n/a
871.780	0.000	trigger_11	11	871780	Trigger-In:11	52	fixation_point_on	n/a	n/a	n/a	n/a	n/a	n/a	n/a
872.385	0.000	trigger_21	21	872385	Trigger-In:21	52	grating_on	n/a	n/a	n/a	n/a	n/a	n/a	n/a
872.435	0.000	trigger_20	20	872435	Trigger-In:20	52	grating_off	n/a	n/a	n/a	n/a	n/a	n/a	n/a
873.035	0.000	trigger_31	31	873035	Trigger-In:31	52	targets_on_fp_color_change	n/a	n/a	n/a	n/a	n/a	n/a	n/a
873.700	0.000	trigger_201	201	873700	Trigger-In:201	52	trial_end_completed	n/a	n/a	n/a	n/a	n/a	n/a	n/a
874.770	0.000	trigger_101	101	874770	Trigger-In:101	53	trial_start	n/a	n/a	n/a	n/a	n/a	n/a	n/a
874.875	0.000	trigger_11	11	874875	Trigger-In:11	53	fixation_point_on	n/a	n/a	n/a	n/a	n/a	n/a	n/a
875.475	0.000	trigger_21	21	875475	Trigger-In:21	53	grating_on	n/a	n/a	n/a	n/a	n/a	n/a	n/a
875.525	0.000	trigger_20	20	875525	Trigger-In:20	53	grating_off	n/a	n/a	n/a	n/a	n/a	n/a	n/a
876.125	0.000	trigger_31	31	876125	Trigger-In:31	53	targets_on_fp_color_change	n/a	n/a	n/a	n/a	n/a	n/a	n/a
876.720	0.000	trigger_201	201	876720	Trigger-In:201	53	trial_end_completed	n/a	n/a	n/a	n/a	n/a	n/a	n/a
877.790	0.000	trigger_101	101	877790	Trigger-In:101	54	trial_start	n/a	n/a	n/a	n/a	n/a	n/a	n/a
877.895	0.000	trigger_11	11	877895	Trigger-In:11	54	fixation_point_on	n/a	n/a	n/a	n/a	n/a	n/a	n/a
878.495	0.000	trigger_21	21	878495	Trigger-In:21	54	grating_on	n/a	n/a	n/a	n/a	n/a	n/a	n/a
878.550	0.000	trigger_20	20	878550	Trigger-In:20	54	grating_off	n/a	n/a	n/a	n/a	n/a	n/a	n/a
879.150	0.000	trigger_31	31	879150	Trigger-In:31	54	targets_on_fp_color_change	n/a	n/a	n/a	n/a	n/a	n/a	n/a
879.855	0.000	trigger_201	201	879855	Trigger-In:201	54	trial_end_completed	n/a	n/a	n/a	n/a	n/a	n/a	n/a
880.925	0.000	trigger_101	101	880925	Trigger-In:101	55	trial_start	n/a	n/a	n/a	n/a	n/a	n/a	n/a
881.025	0.000	trigger_11	11	881025	Trigger-In:11	55	fixation_point_on	n/a	n/a	n/a	n/a	n/a	n/a	n/a
881.630	0.000	trigger_21	21	881630	Trigger-In:21	55	grating_on	n/a	n/a	n/a	n/a	n/a	n/a	n/a
881.680	0.000	trigger_20	20	881680	Trigger-In:20	55	grating_off	n/a	n/a	n/a	n/a	n/a	n/a	n/a
882.280	0.000	trigger_31	31	882280	Trigger-In:31	55	targets_on_fp_color_change	n/a	n/a	n/a	n/a	n/a	n/a	n/a
883.155	0.000	trigger_201	201	883155	Trigger-In:201	55	trial_end_completed	n/a	n/a	n/a	n/a	n/a	n/a	n/a
884.225	0.000	trigger_101	101	884225	Trigger-In:101	56	trial_start	n/a	n/a	n/a	n/a	n/a	n/a	n/a
884.505	0.000	trigger_11	11	884505	Trigger-In:11	56	fixation_point_on	n/a	n/a	n/a	n/a	n/a	n/a	n/a
885.105	0.000	trigger_21	21	885105	Trigger-In:21	56	grating_on	n/a	n/a	n/a	n/a	n/a	n/a	n/a
885.160	0.000	trigger_20	20	885160	Trigger-In:20	56	grating_off	n/a	n/a	n/a	n/a	n/a	n/a	n/a
885.760	0.000	trigger_31	31	885760	Trigger-In:31	56	targets_on_fp_color_change	n/a	n/a	n/a	n/a	n/a	n/a	n/a
886.470	0.000	trigger_201	201	886470	Trigger-In:201	56	trial_end_completed	n/a	n/a	n/a	n/a	n/a	n/a	n/a
887.540	0.000	trigger_101	101	887540	Trigger-In:101	57	trial_start	n/a	n/a	n/a	n/a	n/a	n/a	n/a
887.640	0.000	trigger_11	11	887640	Trigger-In:11	57	fixation_point_on	n/a	n/a	n/a	n/a	n/a	n/a	n/a
888.245	0.000	trigger_21	21	888245	Trigger-In:21	57	grating_on	n/a	n/a	n/a	n/a	n/a	n/a	n/a
888.295	0.000	trigger_20	20	888295	Trigger-In:20	57	grating_off	n/a	n/a	n/a	n/a	n/a	n/a	n/a
888.895	0.000	trigger_31	31	888895	Trigger-In:31	57	targets_on_fp_color_change	n/a	n/a	n/a	n/a	n/a	n/a	n/a
889.715	0.000	trigger_201	201	889715	Trigger-In:201	57	trial_end_completed	n/a	n/a	n/a	n/a	n/a	n/a	n/a
890.785	0.000	trigger_101	101	890785	Trigger-In:101	58	trial_start	n/a	n/a	n/a	n/a	n/a	n/a	n/a
890.885	0.000	trigger_11	11	890885	Trigger-In:11	58	fixation_point_on	n/a	n/a	n/a	n/a	n/a	n/a	n/a
891.485	0.000	trigger_21	21	891485	Trigger-In:21	58	grating_on	n/a	n/a	n/a	n/a	n/a	n/a	n/a
891.535	0.000	trigger_20	20	891535	Trigger-In:20	58	grating_off	n/a	n/a	n/a	n/a	n/a	n/a	n/a
892.140	0.000	trigger_31	31	892140	Trigger-In:31	58	targets_on_fp_color_change	n/a	n/a	n/a	n/a	n/a	n/a	n/a
892.875	0.000	trigger_201	201	892875	Trigger-In:201	58	trial_end_completed	n/a	n/a	n/a	n/a	n/a	n/a	n/a
893.945	0.000	trigger_101	101	893945	Trigger-In:101	59	trial_start	n/a	n/a	n/a	n/a	n/a	n/a	n/a
894.045	0.000	trigger_11	11	894045	Trigger-In:11	59	fixation_point_on	n/a	n/a	n/a	n/a	n/a	n/a	n/a
894.695	0.000	trigger_20	20	894695	Trigger-In:20	59	grating_off	n/a	n/a	n/a	n/a	n/a	n/a	n/a
895.295	0.000	trigger_31	31	895295	Trigger-In:31	59	targets_on_fp_color_change	n/a	n/a	n/a	n/a	n/a	n/a	n/a
896.145	0.000	trigger_201	201	896145	Trigger-In:201	59	trial_end_completed	n/a	n/a	n/a	n/a	n/a	n/a	n/a
897.210	0.000	trigger_101	101	897210	Trigger-In:101	60	trial_start	n/a	n/a	n/a	n/a	n/a	n/a	n/a
897.315	0.000	trigger_11	11	897315	Trigger-In:11	60	fixation_point_on	n/a	n/a	n/a	n/a	n/a	n/a	n/a
897.915	0.000	trigger_21	21	897915	Trigger-In:21	60	grating_on	n/a	n/a	n/a	n/a	n/a	n/a	n/a
897.965	0.000	trigger_20	20	897965	Trigger-In:20	60	grating_off	n/a	n/a	n/a	n/a	n/a	n/a	n/a
898.570	0.000	trigger_31	31	898570	Trigger-In:31	60	targets_on_fp_color_change	n/a	n/a	n/a	n/a	n/a	n/a	n/a
899.225	0.000	trigger_201	201	899225	Trigger-In:201	60	trial_end_completed	n/a	n/a	n/a	n/a	n/a	n/a	n/a
900.295	0.000	trigger_101	101	900295	Trigger-In:101	61	trial_start	n/a	n/a	n/a	n/a	n/a	n/a	n/a
900.400	0.000	trigger_11	11	900400	Trigger-In:11	61	fixation_point_on	n/a	n/a	n/a	n/a	n/a	n/a	n/a
901.000	0.000	trigger_21	21	901000	Trigger-In:21	61	grating_on	n/a	n/a	n/a	n/a	n/a	n/a	n/a
901.050	0.000	trigger_20	20	901050	Trigger-In:20	61	grating_off	n/a	n/a	n/a	n/a	n/a	n/a	n/a
901.650	0.000	trigger_31	31	901650	Trigger-In:31	61	targets_on_fp_color_change	n/a	n/a	n/a	n/a	n/a	n/a	n/a
902.375	0.000	trigger_201	201	902375	Trigger-In:201	61	trial_end_completed	n/a	n/a	n/a	n/a	n/a	n/a	n/a
903.445	0.000	trigger_101	101	903445	Trigger-In:101	62	trial_start	n/a	n/a	n/a	n/a	n/a	n/a	n/a
903.545	0.000	trigger_11	11	903545	Trigger-In:11	62	fixation_point_on	n/a	n/a	n/a	n/a	n/a	n/a	n/a
904.145	0.000	trigger_21	21	904145	Trigger-In:21	62	grating_on	n/a	n/a	n/a	n/a	n/a	n/a	n/a
904.195	0.000	trigger_20	20	904195	Trigger-In:20	62	grating_off	n/a	n/a	n/a	n/a	n/a	n/a	n/a
904.795	0.000	trigger_31	31	904795	Trigger-In:31	62	targets_on_fp_color_change	n/a	n/a	n/a	n/a	n/a	n/a	n/a
905.660	0.000	trigger_201	201	905660	Trigger-In:201	62	trial_end_completed	n/a	n/a	n/a	n/a	n/a	n/a	n/a
906.725	0.000	trigger_101	101	906725	Trigger-In:101	63	trial_start	n/a	n/a	n/a	n/a	n/a	n/a	n/a
906.830	0.000	trigger_11	11	906830	Trigger-In:11	63	fixation_point_on	n/a	n/a	n/a	n/a	n/a	n/a	n/a
907.430	0.000	trigger_21	21	907430	Trigger-In:21	63	grating_on	n/a	n/a	n/a	n/a	n/a	n/a	n/a
907.480	0.000	trigger_20	20	907480	Trigger-In:20	63	grating_off	n/a	n/a	n/a	n/a	n/a	n/a	n/a
908.080	0.000	trigger_31	31	908080	Trigger-In:31	63	targets_on_fp_color_change	n/a	n/a	n/a	n/a	n/a	n/a	n/a
908.865	0.000	trigger_201	201	908865	Trigger-In:201	63	trial_end_completed	n/a	n/a	n/a	n/a	n/a	n/a	n/a
909.935	0.000	trigger_101	101	909935	Trigger-In:101	64	trial_start	n/a	n/a	n/a	n/a	n/a	n/a	n/a
910.040	0.000	trigger_11	11	910040	Trigger-In:11	64	fixation_point_on	n/a	n/a	n/a	n/a	n/a	n/a	n/a
910.640	0.000	trigger_21	21	910640	Trigger-In:21	64	grating_on	n/a	n/a	n/a	n/a	n/a	n/a	n/a
910.690	0.000	trigger_20	20	910690	Trigger-In:20	64	grating_off	n/a	n/a	n/a	n/a	n/a	n/a	n/a
911.290	0.000	trigger_31	31	911290	Trigger-In:31	64	targets_on_fp_color_change	n/a	n/a	n/a	n/a	n/a	n/a	n/a
911.865	0.000	trigger_201	201	911865	Trigger-In:201	64	trial_end_completed	n/a	n/a	n/a	n/a	n/a	n/a	n/a
912.935	0.000	trigger_101	101	912935	Trigger-In:101	65	trial_start	n/a	n/a	n/a	n/a	n/a	n/a	n/a
913.040	0.000	trigger_11	11	913040	Trigger-In:11	65	fixation_point_on	n/a	n/a	n/a	n/a	n/a	n/a	n/a
913.640	0.000	trigger_21	21	913640	Trigger-In:21	65	grating_on	n/a	n/a	n/a	n/a	n/a	n/a	n/a
913.690	0.000	trigger_20	20	913690	Trigger-In:20	65	grating_off	n/a	n/a	n/a	n/a	n/a	n/a	n/a
914.290	0.000	trigger_31	31	914290	Trigger-In:31	65	targets_on_fp_color_change	n/a	n/a	n/a	n/a	n/a	n/a	n/a
915.105	0.000	trigger_201	201	915105	Trigger-In:201	65	trial_end_completed	n/a	n/a	n/a	n/a	n/a	n/a	n/a
916.170	0.000	trigger_101	101	916170	Trigger-In:101	66	trial_start	n/a	n/a	n/a	n/a	n/a	n/a	n/a
916.275	0.000	trigger_11	11	916275	Trigger-In:11	66	fixation_point_on	n/a	n/a	n/a	n/a	n/a	n/a	n/a
916.875	0.000	trigger_21	21	916875	Trigger-In:21	66	grating_on	n/a	n/a	n/a	n/a	n/a	n/a	n/a
916.925	0.000	trigger_20	20	916925	Trigger-In:20	66	grating_off	n/a	n/a	n/a	n/a	n/a	n/a	n/a
917.530	0.000	trigger_31	31	917530	Trigger-In:31	66	targets_on_fp_color_change	n/a	n/a	n/a	n/a	n/a	n/a	n/a
918.225	0.000	trigger_201	201	918225	Trigger-In:201	66	trial_end_completed	n/a	n/a	n/a	n/a	n/a	n/a	n/a
919.295	0.000	trigger_101	101	919295	Trigger-In:101	67	trial_start	n/a	n/a	n/a	n/a	n/a	n/a	n/a
919.400	0.000	trigger_11	11	919400	Trigger-In:11	67	fixation_point_on	n/a	n/a	n/a	n/a	n/a	n/a	n/a
920.000	0.000	trigger_21	21	920000	Trigger-In:21	67	grating_on	n/a	n/a	n/a	n/a	n/a	n/a	n/a
920.050	0.000	trigger_20	20	920050	Trigger-In:20	67	grating_off	n/a	n/a	n/a	n/a	n/a	n/a	n/a
920.650	0.000	trigger_31	31	920650	Trigger-In:31	67	targets_on_fp_color_change	n/a	n/a	n/a	n/a	n/a	n/a	n/a
921.305	0.000	trigger_201	201	921305	Trigger-In:201	67	trial_end_completed	n/a	n/a	n/a	n/a	n/a	n/a	n/a
922.370	0.000	trigger_101	101	922370	Trigger-In:101	68	trial_start	n/a	n/a	n/a	n/a	n/a	n/a	n/a
922.475	0.000	trigger_11	11	922475	Trigger-In:11	68	fixation_point_on	n/a	n/a	n/a	n/a	n/a	n/a	n/a
923.075	0.000	trigger_21	21	923075	Trigger-In:21	68	grating_on	n/a	n/a	n/a	n/a	n/a	n/a	n/a
923.130	0.000	trigger_20	20	923130	Trigger-In:20	68	grating_off	n/a	n/a	n/a	n/a	n/a	n/a	n/a
923.730	0.000	trigger_31	31	923730	Trigger-In:31	68	targets_on_fp_color_change	n/a	n/a	n/a	n/a	n/a	n/a	n/a
924.495	0.000	trigger_201	201	924495	Trigger-In:201	68	trial_end_completed	n/a	n/a	n/a	n/a	n/a	n/a	n/a
925.565	0.000	trigger_101	101	925565	Trigger-In:101	69	trial_start	n/a	n/a	n/a	n/a	n/a	n/a	n/a
925.665	0.000	trigger_11	11	925665	Trigger-In:11	69	fixation_point_on	n/a	n/a	n/a	n/a	n/a	n/a	n/a
926.265	0.000	trigger_21	21	926265	Trigger-In:21	69	grating_on	n/a	n/a	n/a	n/a	n/a	n/a	n/a
926.315	0.000	trigger_20	20	926315	Trigger-In:20	69	grating_off	n/a	n/a	n/a	n/a	n/a	n/a	n/a
926.920	0.000	trigger_31	31	926920	Trigger-In:31	69	targets_on_fp_color_change	n/a	n/a	n/a	n/a	n/a	n/a	n/a
927.785	0.000	trigger_201	201	927785	Trigger-In:201	69	trial_end_completed	n/a	n/a	n/a	n/a	n/a	n/a	n/a
928.855	0.000	trigger_101	101	928855	Trigger-In:101	70	trial_start	n/a	n/a	n/a	n/a	n/a	n/a	n/a
928.955	0.000	trigger_11	11	928955	Trigger-In:11	70	fixation_point_on	n/a	n/a	n/a	n/a	n/a	n/a	n/a
929.560	0.000	trigger_21	21	929560	Trigger-In:21	70	grating_on	n/a	n/a	n/a	n/a	n/a	n/a	n/a
929.610	0.000	trigger_20	20	929610	Trigger-In:20	70	grating_off	n/a	n/a	n/a	n/a	n/a	n/a	n/a
930.210	0.000	trigger_31	31	930210	Trigger-In:31	70	targets_on_fp_color_change	n/a	n/a	n/a	n/a	n/a	n/a	n/a
930.920	0.000	trigger_201	201	930920	Trigger-In:201	70	trial_end_completed	n/a	n/a	n/a	n/a	n/a	n/a	n/a
931.990	0.000	trigger_101	101	931990	Trigger-In:101	71	trial_start	n/a	n/a	n/a	n/a	n/a	n/a	n/a
932.095	0.000	trigger_11	11	932095	Trigger-In:11	71	fixation_point_on	n/a	n/a	n/a	n/a	n/a	n/a	n/a
932.695	0.000	trigger_21	21	932695	Trigger-In:21	71	grating_on	n/a	n/a	n/a	n/a	n/a	n/a	n/a
932.745	0.000	trigger_20	20	932745	Trigger-In:20	71	grating_off	n/a	n/a	n/a	n/a	n/a	n/a	n/a
933.345	0.000	trigger_31	31	933345	Trigger-In:31	71	targets_on_fp_color_change	n/a	n/a	n/a	n/a	n/a	n/a	n/a
934.260	0.000	trigger_201	201	934260	Trigger-In:201	71	trial_end_completed	n/a	n/a	n/a	n/a	n/a	n/a	n/a
935.330	0.000	trigger_101	101	935330	Trigger-In:101	72	trial_start	n/a	n/a	n/a	n/a	n/a	n/a	n/a
935.435	0.000	trigger_11	11	935435	Trigger-In:11	72	fixation_point_on	n/a	n/a	n/a	n/a	n/a	n/a	n/a
936.035	0.000	trigger_21	21	936035	Trigger-In:21	72	grating_on	n/a	n/a	n/a	n/a	n/a	n/a	n/a
936.090	0.000	trigger_20	20	936090	Trigger-In:20	72	grating_off	n/a	n/a	n/a	n/a	n/a	n/a	n/a
936.690	0.000	trigger_31	31	936690	Trigger-In:31	72	targets_on_fp_color_change	n/a	n/a	n/a	n/a	n/a	n/a	n/a
937.525	0.000	trigger_201	201	937525	Trigger-In:201	72	trial_end_completed	n/a	n/a	n/a	n/a	n/a	n/a	n/a
938.595	0.000	trigger_101	101	938595	Trigger-In:101	73	trial_start	n/a	n/a	n/a	n/a	n/a	n/a	n/a
938.700	0.000	trigger_11	11	938700	Trigger-In:11	73	fixation_point_on	n/a	n/a	n/a	n/a	n/a	n/a	n/a
939.300	0.000	trigger_21	21	939300	Trigger-In:21	73	grating_on	n/a	n/a	n/a	n/a	n/a	n/a	n/a
939.350	0.000	trigger_20	20	939350	Trigger-In:20	73	grating_off	n/a	n/a	n/a	n/a	n/a	n/a	n/a
939.950	0.000	trigger_31	31	939950	Trigger-In:31	73	targets_on_fp_color_change	n/a	n/a	n/a	n/a	n/a	n/a	n/a
940.950	0.000	trigger_201	201	940950	Trigger-In:201	73	trial_end_completed	n/a	n/a	n/a	n/a	n/a	n/a	n/a
942.020	0.000	trigger_101	101	942020	Trigger-In:101	74	trial_start	n/a	n/a	n/a	n/a	n/a	n/a	n/a
942.125	0.000	trigger_11	11	942125	Trigger-In:11	74	fixation_point_on	n/a	n/a	n/a	n/a	n/a	n/a	n/a
942.725	0.000	trigger_21	21	942725	Trigger-In:21	74	grating_on	n/a	n/a	n/a	n/a	n/a	n/a	n/a
942.775	0.000	trigger_20	20	942775	Trigger-In:20	74	grating_off	n/a	n/a	n/a	n/a	n/a	n/a	n/a
943.375	0.000	trigger_31	31	943375	Trigger-In:31	74	targets_on_fp_color_change	n/a	n/a	n/a	n/a	n/a	n/a	n/a
944.360	0.000	trigger_201	201	944360	Trigger-In:201	74	trial_end_completed	n/a	n/a	n/a	n/a	n/a	n/a	n/a
945.430	0.000	trigger_101	101	945430	Trigger-In:101	75	trial_start	n/a	n/a	n/a	n/a	n/a	n/a	n/a
945.535	0.000	trigger_11	11	945535	Trigger-In:11	75	fixation_point_on	n/a	n/a	n/a	n/a	n/a	n/a	n/a
946.135	0.000	trigger_21	21	946135	Trigger-In:21	75	grating_on	n/a	n/a	n/a	n/a	n/a	n/a	n/a
946.185	0.000	trigger_20	20	946185	Trigger-In:20	75	grating_off	n/a	n/a	n/a	n/a	n/a	n/a	n/a
946.785	0.000	trigger_31	31	946785	Trigger-In:31	75	targets_on_fp_color_change	n/a	n/a	n/a	n/a	n/a	n/a	n/a
947.415	0.000	trigger_201	201	947415	Trigger-In:201	75	trial_end_completed	n/a	n/a	n/a	n/a	n/a	n/a	n/a
948.485	0.000	trigger_101	101	948485	Trigger-In:101	76	trial_start	n/a	n/a	n/a	n/a	n/a	n/a	n/a
948.590	0.000	trigger_11	11	948590	Trigger-In:11	76	fixation_point_on	n/a	n/a	n/a	n/a	n/a	n/a	n/a
949.190	0.000	trigger_21	21	949190	Trigger-In:21	76	grating_on	n/a	n/a	n/a	n/a	n/a	n/a	n/a
949.240	0.000	trigger_20	20	949240	Trigger-In:20	76	grating_off	n/a	n/a	n/a	n/a	n/a	n/a	n/a
949.845	0.000	trigger_31	31	949845	Trigger-In:31	76	targets_on_fp_color_change	n/a	n/a	n/a	n/a	n/a	n/a	n/a
951.220	0.000	trigger_201	201	951220	Trigger-In:201	76	trial_end_completed	n/a	n/a	n/a	n/a	n/a	n/a	n/a
952.290	0.000	trigger_101	101	952290	Trigger-In:101	77	trial_start	n/a	n/a	n/a	n/a	n/a	n/a	n/a
952.395	0.000	trigger_11	11	952395	Trigger-In:11	77	fixation_point_on	n/a	n/a	n/a	n/a	n/a	n/a	n/a
952.995	0.000	trigger_21	21	952995	Trigger-In:21	77	grating_on	n/a	n/a	n/a	n/a	n/a	n/a	n/a
953.045	0.000	trigger_20	20	953045	Trigger-In:20	77	grating_off	n/a	n/a	n/a	n/a	n/a	n/a	n/a
953.645	0.000	trigger_31	31	953645	Trigger-In:31	77	targets_on_fp_color_change	n/a	n/a	n/a	n/a	n/a	n/a	n/a
954.340	0.000	trigger_201	201	954340	Trigger-In:201	77	trial_end_completed	n/a	n/a	n/a	n/a	n/a	n/a	n/a
955.415	0.000	trigger_101	101	955415	Trigger-In:101	78	trial_start	n/a	n/a	n/a	n/a	n/a	n/a	n/a
955.515	0.000	trigger_11	11	955515	Trigger-In:11	78	fixation_point_on	n/a	n/a	n/a	n/a	n/a	n/a	n/a
956.115	0.000	trigger_21	21	956115	Trigger-In:21	78	grating_on	n/a	n/a	n/a	n/a	n/a	n/a	n/a
956.170	0.000	trigger_20	20	956170	Trigger-In:20	78	grating_off	n/a	n/a	n/a	n/a	n/a	n/a	n/a
956.770	0.000	trigger_31	31	956770	Trigger-In:31	78	targets_on_fp_color_change	n/a	n/a	n/a	n/a	n/a	n/a	n/a
957.775	0.000	trigger_201	201	957775	Trigger-In:201	78	trial_end_completed	n/a	n/a	n/a	n/a	n/a	n/a	n/a
958.845	0.000	trigger_101	101	958845	Trigger-In:101	79	trial_start	n/a	n/a	n/a	n/a	n/a	n/a	n/a
958.950	0.000	trigger_11	11	958950	Trigger-In:11	79	fixation_point_on	n/a	n/a	n/a	n/a	n/a	n/a	n/a
959.550	0.000	trigger_21	21	959550	Trigger-In:21	79	grating_on	n/a	n/a	n/a	n/a	n/a	n/a	n/a
959.605	0.000	trigger_20	20	959605	Trigger-In:20	79	grating_off	n/a	n/a	n/a	n/a	n/a	n/a	n/a
960.205	0.000	trigger_31	31	960205	Trigger-In:31	79	targets_on_fp_color_change	n/a	n/a	n/a	n/a	n/a	n/a	n/a
960.910	0.000	trigger_201	201	960910	Trigger-In:201	79	trial_end_completed	n/a	n/a	n/a	n/a	n/a	n/a	n/a
961.980	0.000	trigger_101	101	961980	Trigger-In:101	80	trial_start	n/a	n/a	n/a	n/a	n/a	n/a	n/a
962.080	0.000	trigger_11	11	962080	Trigger-In:11	80	fixation_point_on	n/a	n/a	n/a	n/a	n/a	n/a	n/a
962.680	0.000	trigger_21	21	962680	Trigger-In:21	80	grating_on	n/a	n/a	n/a	n/a	n/a	n/a	n/a
962.735	0.000	trigger_20	20	962735	Trigger-In:20	80	grating_off	n/a	n/a	n/a	n/a	n/a	n/a	n/a
963.335	0.000	trigger_31	31	963335	Trigger-In:31	80	targets_on_fp_color_change	n/a	n/a	n/a	n/a	n/a	n/a	n/a
964.070	0.000	trigger_201	201	964070	Trigger-In:201	80	trial_end_completed	n/a	n/a	n/a	n/a	n/a	n/a	n/a
965.140	0.000	trigger_101	101	965140	Trigger-In:101	81	trial_start	n/a	n/a	n/a	n/a	n/a	n/a	n/a
965.245	0.000	trigger_11	11	965245	Trigger-In:11	81	fixation_point_on	n/a	n/a	n/a	n/a	n/a	n/a	n/a
965.845	0.000	trigger_21	21	965845	Trigger-In:21	81	grating_on	n/a	n/a	n/a	n/a	n/a	n/a	n/a
965.895	0.000	trigger_20	20	965895	Trigger-In:20	81	grating_off	n/a	n/a	n/a	n/a	n/a	n/a	n/a
966.495	0.000	trigger_31	31	966495	Trigger-In:31	81	targets_on_fp_color_change	n/a	n/a	n/a	n/a	n/a	n/a	n/a
967.160	0.000	trigger_201	201	967160	Trigger-In:201	81	trial_end_completed	n/a	n/a	n/a	n/a	n/a	n/a	n/a
968.230	0.000	trigger_101	101	968230	Trigger-In:101	82	trial_start	n/a	n/a	n/a	n/a	n/a	n/a	n/a
968.330	0.000	trigger_11	11	968330	Trigger-In:11	82	fixation_point_on	n/a	n/a	n/a	n/a	n/a	n/a	n/a
968.930	0.000	trigger_21	21	968930	Trigger-In:21	82	grating_on	n/a	n/a	n/a	n/a	n/a	n/a	n/a
968.980	0.000	trigger_20	20	968980	Trigger-In:20	82	grating_off	n/a	n/a	n/a	n/a	n/a	n/a	n/a
969.580	0.000	trigger_31	31	969580	Trigger-In:31	82	targets_on_fp_color_change	n/a	n/a	n/a	n/a	n/a	n/a	n/a
970.320	0.000	trigger_201	201	970320	Trigger-In:201	82	trial_end_completed	n/a	n/a	n/a	n/a	n/a	n/a	n/a
971.385	0.000	trigger_101	101	971385	Trigger-In:101	83	trial_start	n/a	n/a	n/a	n/a	n/a	n/a	n/a
971.490	0.000	trigger_11	11	971490	Trigger-In:11	83	fixation_point_on	n/a	n/a	n/a	n/a	n/a	n/a	n/a
972.090	0.000	trigger_21	21	972090	Trigger-In:21	83	grating_on	n/a	n/a	n/a	n/a	n/a	n/a	n/a
972.140	0.000	trigger_20	20	972140	Trigger-In:20	83	grating_off	n/a	n/a	n/a	n/a	n/a	n/a	n/a
972.740	0.000	trigger_31	31	972740	Trigger-In:31	83	targets_on_fp_color_change	n/a	n/a	n/a	n/a	n/a	n/a	n/a
973.725	0.000	trigger_201	201	973725	Trigger-In:201	83	trial_end_completed	n/a	n/a	n/a	n/a	n/a	n/a	n/a
974.795	0.000	trigger_101	101	974795	Trigger-In:101	84	trial_start	n/a	n/a	n/a	n/a	n/a	n/a	n/a
974.895	0.000	trigger_11	11	974895	Trigger-In:11	84	fixation_point_on	n/a	n/a	n/a	n/a	n/a	n/a	n/a
975.495	0.000	trigger_21	21	975495	Trigger-In:21	84	grating_on	n/a	n/a	n/a	n/a	n/a	n/a	n/a
975.545	0.000	trigger_20	20	975545	Trigger-In:20	84	grating_off	n/a	n/a	n/a	n/a	n/a	n/a	n/a
976.145	0.000	trigger_31	31	976145	Trigger-In:31	84	targets_on_fp_color_change	n/a	n/a	n/a	n/a	n/a	n/a	n/a
976.700	0.000	trigger_201	201	976700	Trigger-In:201	84	trial_end_completed	n/a	n/a	n/a	n/a	n/a	n/a	n/a
977.770	0.000	trigger_101	101	977770	Trigger-In:101	85	trial_start	n/a	n/a	n/a	n/a	n/a	n/a	n/a
977.875	0.000	trigger_11	11	977875	Trigger-In:11	85	fixation_point_on	n/a	n/a	n/a	n/a	n/a	n/a	n/a
978.475	0.000	trigger_21	21	978475	Trigger-In:21	85	grating_on	n/a	n/a	n/a	n/a	n/a	n/a	n/a
978.525	0.000	trigger_20	20	978525	Trigger-In:20	85	grating_off	n/a	n/a	n/a	n/a	n/a	n/a	n/a
979.125	0.000	trigger_31	31	979125	Trigger-In:31	85	targets_on_fp_color_change	n/a	n/a	n/a	n/a	n/a	n/a	n/a
979.875	0.000	trigger_201	201	979875	Trigger-In:201	85	trial_end_completed	n/a	n/a	n/a	n/a	n/a	n/a	n/a
980.945	0.000	trigger_101	101	980945	Trigger-In:101	86	trial_start	n/a	n/a	n/a	n/a	n/a	n/a	n/a
981.050	0.000	trigger_11	11	981050	Trigger-In:11	86	fixation_point_on	n/a	n/a	n/a	n/a	n/a	n/a	n/a
981.650	0.000	trigger_21	21	981650	Trigger-In:21	86	grating_on	n/a	n/a	n/a	n/a	n/a	n/a	n/a
981.705	0.000	trigger_20	20	981705	Trigger-In:20	86	grating_off	n/a	n/a	n/a	n/a	n/a	n/a	n/a
982.305	0.000	trigger_31	31	982305	Trigger-In:31	86	targets_on_fp_color_change	n/a	n/a	n/a	n/a	n/a	n/a	n/a
983.120	0.000	trigger_201	201	983120	Trigger-In:201	86	trial_end_completed	n/a	n/a	n/a	n/a	n/a	n/a	n/a
984.185	0.000	trigger_101	101	984185	Trigger-In:101	87	trial_start	n/a	n/a	n/a	n/a	n/a	n/a	n/a
984.290	0.000	trigger_11	11	984290	Trigger-In:11	87	fixation_point_on	n/a	n/a	n/a	n/a	n/a	n/a	n/a
984.890	0.000	trigger_21	21	984890	Trigger-In:21	87	grating_on	n/a	n/a	n/a	n/a	n/a	n/a	n/a
984.940	0.000	trigger_20	20	984940	Trigger-In:20	87	grating_off	n/a	n/a	n/a	n/a	n/a	n/a	n/a
985.540	0.000	trigger_31	31	985540	Trigger-In:31	87	targets_on_fp_color_change	n/a	n/a	n/a	n/a	n/a	n/a	n/a
986.180	0.000	trigger_201	201	986180	Trigger-In:201	87	trial_end_completed	n/a	n/a	n/a	n/a	n/a	n/a	n/a
987.250	0.000	trigger_101	101	987250	Trigger-In:101	88	trial_start	n/a	n/a	n/a	n/a	n/a	n/a	n/a
987.355	0.000	trigger_11	11	987355	Trigger-In:11	88	fixation_point_on	n/a	n/a	n/a	n/a	n/a	n/a	n/a
987.955	0.000	trigger_21	21	987955	Trigger-In:21	88	grating_on	n/a	n/a	n/a	n/a	n/a	n/a	n/a
988.005	0.000	trigger_20	20	988005	Trigger-In:20	88	grating_off	n/a	n/a	n/a	n/a	n/a	n/a	n/a
988.605	0.000	trigger_31	31	988605	Trigger-In:31	88	targets_on_fp_color_change	n/a	n/a	n/a	n/a	n/a	n/a	n/a
989.290	0.000	trigger_201	201	989290	Trigger-In:201	88	trial_end_completed	n/a	n/a	n/a	n/a	n/a	n/a	n/a
990.360	0.000	trigger_101	101	990360	Trigger-In:101	89	trial_start	n/a	n/a	n/a	n/a	n/a	n/a	n/a
990.465	0.000	trigger_11	11	990465	Trigger-In:11	89	fixation_point_on	n/a	n/a	n/a	n/a	n/a	n/a	n/a
991.065	0.000	trigger_21	21	991065	Trigger-In:21	89	grating_on	n/a	n/a	n/a	n/a	n/a	n/a	n/a
991.115	0.000	trigger_20	20	991115	Trigger-In:20	89	grating_off	n/a	n/a	n/a	n/a	n/a	n/a	n/a
991.715	0.000	trigger_31	31	991715	Trigger-In:31	89	targets_on_fp_color_change	n/a	n/a	n/a	n/a	n/a	n/a	n/a
992.500	0.000	trigger_201	201	992500	Trigger-In:201	89	trial_end_completed	n/a	n/a	n/a	n/a	n/a	n/a	n/a
993.570	0.000	trigger_101	101	993570	Trigger-In:101	90	trial_start	n/a	n/a	n/a	n/a	n/a	n/a	n/a
993.675	0.000	trigger_11	11	993675	Trigger-In:11	90	fixation_point_on	n/a	n/a	n/a	n/a	n/a	n/a	n/a
994.275	0.000	trigger_21	21	994275	Trigger-In:21	90	grating_on	n/a	n/a	n/a	n/a	n/a	n/a	n/a
994.325	0.000	trigger_20	20	994325	Trigger-In:20	90	grating_off	n/a	n/a	n/a	n/a	n/a	n/a	n/a
994.925	0.000	trigger_31	31	994925	Trigger-In:31	90	targets_on_fp_color_change	n/a	n/a	n/a	n/a	n/a	n/a	n/a
995.620	0.000	trigger_201	201	995620	Trigger-In:201	90	trial_end_completed	n/a	n/a	n/a	n/a	n/a	n/a	n/a
996.690	0.000	trigger_101	101	996690	Trigger-In:101	91	trial_start	n/a	n/a	n/a	n/a	n/a	n/a	n/a
996.795	0.000	trigger_11	11	996795	Trigger-In:11	91	fixation_point_on	n/a	n/a	n/a	n/a	n/a	n/a	n/a
997.395	0.000	trigger_21	21	997395	Trigger-In:21	91	grating_on	n/a	n/a	n/a	n/a	n/a	n/a	n/a
997.445	0.000	trigger_20	20	997445	Trigger-In:20	91	grating_off	n/a	n/a	n/a	n/a	n/a	n/a	n/a
998.045	0.000	trigger_31	31	998045	Trigger-In:31	91	targets_on_fp_color_change	n/a	n/a	n/a	n/a	n/a	n/a	n/a
998.775	0.000	trigger_201	201	998775	Trigger-In:201	91	trial_end_completed	n/a	n/a	n/a	n/a	n/a	n/a	n/a
999.845	0.000	trigger_101	101	999845	Trigger-In:101	92	trial_start	n/a	n/a	n/a	n/a	n/a	n/a	n/a
999.945	0.000	trigger_11	11	999945	Trigger-In:11	92	fixation_point_on	n/a	n/a	n/a	n/a	n/a	n/a	n/a
1000.545	0.000	trigger_21	21	1000545	Trigger-In:21	92	grating_on	n/a	n/a	n/a	n/a	n/a	n/a	n/a
1000.595	0.000	trigger_20	20	1000595	Trigger-In:20	92	grating_off	n/a	n/a	n/a	n/a	n/a	n/a	n/a
1001.200	0.000	trigger_31	31	1001200	Trigger-In:31	92	targets_on_fp_color_change	n/a	n/a	n/a	n/a	n/a	n/a	n/a
1001.750	0.000	trigger_201	201	1001750	Trigger-In:201	92	trial_end_completed	n/a	n/a	n/a	n/a	n/a	n/a	n/a
1002.820	0.000	trigger_101	101	1002820	Trigger-In:101	93	trial_start	n/a	n/a	n/a	n/a	n/a	n/a	n/a
1002.930	0.000	trigger_11	11	1002930	Trigger-In:11	93	fixation_point_on	n/a	n/a	n/a	n/a	n/a	n/a	n/a
1003.530	0.000	trigger_21	21	1003530	Trigger-In:21	93	grating_on	n/a	n/a	n/a	n/a	n/a	n/a	n/a
1003.580	0.000	trigger_20	20	1003580	Trigger-In:20	93	grating_off	n/a	n/a	n/a	n/a	n/a	n/a	n/a
1004.180	0.000	trigger_31	31	1004180	Trigger-In:31	93	targets_on_fp_color_change	n/a	n/a	n/a	n/a	n/a	n/a	n/a
1004.785	0.000	trigger_201	201	1004785	Trigger-In:201	93	trial_end_completed	n/a	n/a	n/a	n/a	n/a	n/a	n/a
1005.850	0.000	trigger_101	101	1005850	Trigger-In:101	94	trial_start	n/a	n/a	n/a	n/a	n/a	n/a	n/a
1005.955	0.000	trigger_11	11	1005955	Trigger-In:11	94	fixation_point_on	n/a	n/a	n/a	n/a	n/a	n/a	n/a
1006.555	0.000	trigger_21	21	1006555	Trigger-In:21	94	grating_on	n/a	n/a	n/a	n/a	n/a	n/a	n/a
1006.605	0.000	trigger_20	20	1006605	Trigger-In:20	94	grating_off	n/a	n/a	n/a	n/a	n/a	n/a	n/a
1007.205	0.000	trigger_31	31	1007205	Trigger-In:31	94	targets_on_fp_color_change	n/a	n/a	n/a	n/a	n/a	n/a	n/a
1008.020	0.000	trigger_201	201	1008020	Trigger-In:201	94	trial_end_completed	n/a	n/a	n/a	n/a	n/a	n/a	n/a
1009.090	0.000	trigger_101	101	1009090	Trigger-In:101	95	trial_start	n/a	n/a	n/a	n/a	n/a	n/a	n/a
1009.190	0.000	trigger_11	11	1009190	Trigger-In:11	95	fixation_point_on	n/a	n/a	n/a	n/a	n/a	n/a	n/a
1009.790	0.000	trigger_21	21	1009790	Trigger-In:21	95	grating_on	n/a	n/a	n/a	n/a	n/a	n/a	n/a
1009.845	0.000	trigger_20	20	1009845	Trigger-In:20	95	grating_off	n/a	n/a	n/a	n/a	n/a	n/a	n/a
1010.445	0.000	trigger_31	31	1010445	Trigger-In:31	95	targets_on_fp_color_change	n/a	n/a	n/a	n/a	n/a	n/a	n/a
1011.005	0.000	trigger_201	201	1011005	Trigger-In:201	95	trial_end_completed	n/a	n/a	n/a	n/a	n/a	n/a	n/a
1012.075	0.000	trigger_101	101	1012075	Trigger-In:101	96	trial_start	n/a	n/a	n/a	n/a	n/a	n/a	n/a
1012.175	0.000	trigger_11	11	1012175	Trigger-In:11	96	fixation_point_on	n/a	n/a	n/a	n/a	n/a	n/a	n/a
1012.775	0.000	trigger_21	21	1012775	Trigger-In:21	96	grating_on	n/a	n/a	n/a	n/a	n/a	n/a	n/a
1012.825	0.000	trigger_20	20	1012825	Trigger-In:20	96	grating_off	n/a	n/a	n/a	n/a	n/a	n/a	n/a
1013.430	0.000	trigger_31	31	1013430	Trigger-In:31	96	targets_on_fp_color_change	n/a	n/a	n/a	n/a	n/a	n/a	n/a
1014.195	0.000	trigger_201	201	1014195	Trigger-In:201	96	trial_end_completed	n/a	n/a	n/a	n/a	n/a	n/a	n/a
1015.265	0.000	trigger_101	101	1015265	Trigger-In:101	97	trial_start	n/a	n/a	n/a	n/a	n/a	n/a	n/a
1015.370	0.000	trigger_11	11	1015370	Trigger-In:11	97	fixation_point_on	n/a	n/a	n/a	n/a	n/a	n/a	n/a
1015.970	0.000	trigger_21	21	1015970	Trigger-In:21	97	grating_on	n/a	n/a	n/a	n/a	n/a	n/a	n/a
1016.020	0.000	trigger_20	20	1016020	Trigger-In:20	97	grating_off	n/a	n/a	n/a	n/a	n/a	n/a	n/a
1016.620	0.000	trigger_31	31	1016620	Trigger-In:31	97	targets_on_fp_color_change	n/a	n/a	n/a	n/a	n/a	n/a	n/a
1017.505	0.000	trigger_201	201	1017505	Trigger-In:201	97	trial_end_completed	n/a	n/a	n/a	n/a	n/a	n/a	n/a
1018.575	0.000	trigger_101	101	1018575	Trigger-In:101	98	trial_start	n/a	n/a	n/a	n/a	n/a	n/a	n/a
1018.675	0.000	trigger_11	11	1018675	Trigger-In:11	98	fixation_point_on	n/a	n/a	n/a	n/a	n/a	n/a	n/a
1019.280	0.000	trigger_21	21	1019280	Trigger-In:21	98	grating_on	n/a	n/a	n/a	n/a	n/a	n/a	n/a
1019.330	0.000	trigger_20	20	1019330	Trigger-In:20	98	grating_off	n/a	n/a	n/a	n/a	n/a	n/a	n/a
1019.930	0.000	trigger_31	31	1019930	Trigger-In:31	98	targets_on_fp_color_change	n/a	n/a	n/a	n/a	n/a	n/a	n/a
1020.545	0.000	trigger_201	201	1020545	Trigger-In:201	98	trial_end_completed	n/a	n/a	n/a	n/a	n/a	n/a	n/a
1021.615	0.000	trigger_101	101	1021615	Trigger-In:101	99	trial_start	n/a	n/a	n/a	n/a	n/a	n/a	n/a
1021.715	0.000	trigger_11	11	1021715	Trigger-In:11	99	fixation_point_on	n/a	n/a	n/a	n/a	n/a	n/a	n/a
1022.315	0.000	trigger_21	21	1022315	Trigger-In:21	99	grating_on	n/a	n/a	n/a	n/a	n/a	n/a	n/a
1022.365	0.000	trigger_20	20	1022365	Trigger-In:20	99	grating_off	n/a	n/a	n/a	n/a	n/a	n/a	n/a
1022.965	0.000	trigger_31	31	1022965	Trigger-In:31	99	targets_on_fp_color_change	n/a	n/a	n/a	n/a	n/a	n/a	n/a
1023.835	0.000	trigger_201	201	1023835	Trigger-In:201	99	trial_end_completed	n/a	n/a	n/a	n/a	n/a	n/a	n/a
1024.905	0.000	trigger_101	101	1024905	Trigger-In:101	100	trial_start	n/a	n/a	n/a	n/a	n/a	n/a	n/a
1025.010	0.000	trigger_11	11	1025010	Trigger-In:11	100	fixation_point_on	n/a	n/a	n/a	n/a	n/a	n/a	n/a
1025.610	0.000	trigger_21	21	1025610	Trigger-In:21	100	grating_on	n/a	n/a	n/a	n/a	n/a	n/a	n/a
1025.665	0.000	trigger_20	20	1025665	Trigger-In:20	100	grating_off	n/a	n/a	n/a	n/a	n/a	n/a	n/a
1026.265	0.000	trigger_31	31	1026265	Trigger-In:31	100	targets_on_fp_color_change	n/a	n/a	n/a	n/a	n/a	n/a	n/a
1027.135	0.000	trigger_201	201	1027135	Trigger-In:201	100	trial_end_completed	n/a	n/a	n/a	n/a	n/a	n/a	n/a
1028.210	0.000	trigger_101	101	1028210	Trigger-In:101	101	trial_start	n/a	n/a	n/a	n/a	n/a	n/a	n/a
1028.310	0.000	trigger_11	11	1028310	Trigger-In:11	101	fixation_point_on	n/a	n/a	n/a	n/a	n/a	n/a	n/a
1028.910	0.000	trigger_21	21	1028910	Trigger-In:21	101	grating_on	n/a	n/a	n/a	n/a	n/a	n/a	n/a
1028.970	0.000	trigger_20	20	1028970	Trigger-In:20	101	grating_off	n/a	n/a	n/a	n/a	n/a	n/a	n/a
1029.570	0.000	trigger_31	31	1029570	Trigger-In:31	101	targets_on_fp_color_change	n/a	n/a	n/a	n/a	n/a	n/a	n/a
1030.115	0.000	trigger_201	201	1030115	Trigger-In:201	101	trial_end_completed	n/a	n/a	n/a	n/a	n/a	n/a	n/a
1031.185	0.000	trigger_101	101	1031185	Trigger-In:101	102	trial_start	n/a	n/a	n/a	n/a	n/a	n/a	n/a
1031.285	0.000	trigger_11	11	1031285	Trigger-In:11	102	fixation_point_on	n/a	n/a	n/a	n/a	n/a	n/a	n/a
1031.885	0.000	trigger_21	21	1031885	Trigger-In:21	102	grating_on	n/a	n/a	n/a	n/a	n/a	n/a	n/a
1031.940	0.000	trigger_20	20	1031940	Trigger-In:20	102	grating_off	n/a	n/a	n/a	n/a	n/a	n/a	n/a
1032.540	0.000	trigger_31	31	1032540	Trigger-In:31	102	targets_on_fp_color_change	n/a	n/a	n/a	n/a	n/a	n/a	n/a
1033.370	0.000	trigger_201	201	1033370	Trigger-In:201	102	trial_end_completed	n/a	n/a	n/a	n/a	n/a	n/a	n/a
1034.440	0.000	trigger_101	101	1034440	Trigger-In:101	103	trial_start	n/a	n/a	n/a	n/a	n/a	n/a	n/a
1034.545	0.000	trigger_11	11	1034545	Trigger-In:11	103	fixation_point_on	n/a	n/a	n/a	n/a	n/a	n/a	n/a
1035.145	0.000	trigger_21	21	1035145	Trigger-In:21	103	grating_on	n/a	n/a	n/a	n/a	n/a	n/a	n/a
1035.195	0.000	trigger_20	20	1035195	Trigger-In:20	103	grating_off	n/a	n/a	n/a	n/a	n/a	n/a	n/a
1035.795	0.000	trigger_31	31	1035795	Trigger-In:31	103	targets_on_fp_color_change	n/a	n/a	n/a	n/a	n/a	n/a	n/a
1036.420	0.000	trigger_201	201	1036420	Trigger-In:201	103	trial_end_completed	n/a	n/a	n/a	n/a	n/a	n/a	n/a
1037.490	0.000	trigger_101	101	1037490	Trigger-In:101	104	trial_start	n/a	n/a	n/a	n/a	n/a	n/a	n/a
1037.730	0.000	trigger_11	11	1037730	Trigger-In:11	104	fixation_point_on	n/a	n/a	n/a	n/a	n/a	n/a	n/a
1038.330	0.000	trigger_21	21	1038330	Trigger-In:21	104	grating_on	n/a	n/a	n/a	n/a	n/a	n/a	n/a
1038.380	0.000	trigger_20	20	1038380	Trigger-In:20	104	grating_off	n/a	n/a	n/a	n/a	n/a	n/a	n/a
1038.980	0.000	trigger_31	31	1038980	Trigger-In:31	104	targets_on_fp_color_change	n/a	n/a	n/a	n/a	n/a	n/a	n/a
1039.675	0.000	trigger_201	201	1039675	Trigger-In:201	104	trial_end_completed	n/a	n/a	n/a	n/a	n/a	n/a	n/a
1040.745	0.000	trigger_101	101	1040745	Trigger-In:101	105	trial_start	n/a	n/a	n/a	n/a	n/a	n/a	n/a
1040.850	0.000	trigger_11	11	1040850	Trigger-In:11	105	fixation_point_on	n/a	n/a	n/a	n/a	n/a	n/a	n/a
1041.450	0.000	trigger_21	21	1041450	Trigger-In:21	105	grating_on	n/a	n/a	n/a	n/a	n/a	n/a	n/a
1041.500	0.000	trigger_20	20	1041500	Trigger-In:20	105	grating_off	n/a	n/a	n/a	n/a	n/a	n/a	n/a
1042.105	0.000	trigger_31	31	1042105	Trigger-In:31	105	targets_on_fp_color_change	n/a	n/a	n/a	n/a	n/a	n/a	n/a
1042.845	0.000	trigger_201	201	1042845	Trigger-In:201	105	trial_end_completed	n/a	n/a	n/a	n/a	n/a	n/a	n/a
1043.915	0.000	trigger_101	101	1043915	Trigger-In:101	106	trial_start	n/a	n/a	n/a	n/a	n/a	n/a	n/a
1044.020	0.000	trigger_11	11	1044020	Trigger-In:11	106	fixation_point_on	n/a	n/a	n/a	n/a	n/a	n/a	n/a
1044.620	0.000	trigger_21	21	1044620	Trigger-In:21	106	grating_on	n/a	n/a	n/a	n/a	n/a	n/a	n/a
1044.675	0.000	trigger_20	20	1044675	Trigger-In:20	106	grating_off	n/a	n/a	n/a	n/a	n/a	n/a	n/a
1045.275	0.000	trigger_31	31	1045275	Trigger-In:31	106	targets_on_fp_color_change	n/a	n/a	n/a	n/a	n/a	n/a	n/a
1045.940	0.000	trigger_201	201	1045940	Trigger-In:201	106	trial_end_completed	n/a	n/a	n/a	n/a	n/a	n/a	n/a
1047.010	0.000	trigger_101	101	1047010	Trigger-In:101	107	trial_start	n/a	n/a	n/a	n/a	n/a	n/a	n/a
1047.115	0.000	trigger_11	11	1047115	Trigger-In:11	107	fixation_point_on	n/a	n/a	n/a	n/a	n/a	n/a	n/a
1047.715	0.000	trigger_21	21	1047715	Trigger-In:21	107	grating_on	n/a	n/a	n/a	n/a	n/a	n/a	n/a
1047.765	0.000	trigger_20	20	1047765	Trigger-In:20	107	grating_off	n/a	n/a	n/a	n/a	n/a	n/a	n/a
1048.365	0.000	trigger_31	31	1048365	Trigger-In:31	107	targets_on_fp_color_change	n/a	n/a	n/a	n/a	n/a	n/a	n/a
1048.980	0.000	trigger_201	201	1048980	Trigger-In:201	107	trial_end_completed	n/a	n/a	n/a	n/a	n/a	n/a	n/a
1050.050	0.000	trigger_101	101	1050050	Trigger-In:101	108	trial_start	n/a	n/a	n/a	n/a	n/a	n/a	n/a
1050.150	0.000	trigger_11	11	1050150	Trigger-In:11	108	fixation_point_on	n/a	n/a	n/a	n/a	n/a	n/a	n/a
1050.750	0.000	trigger_21	21	1050750	Trigger-In:21	108	grating_on	n/a	n/a	n/a	n/a	n/a	n/a	n/a
1050.800	0.000	trigger_20	20	1050800	Trigger-In:20	108	grating_off	n/a	n/a	n/a	n/a	n/a	n/a	n/a
1051.405	0.000	trigger_31	31	1051405	Trigger-In:31	108	targets_on_fp_color_change	n/a	n/a	n/a	n/a	n/a	n/a	n/a
1052.105	0.000	trigger_201	201	1052105	Trigger-In:201	108	trial_end_completed	n/a	n/a	n/a	n/a	n/a	n/a	n/a
1053.175	0.000	trigger_101	101	1053175	Trigger-In:101	109	trial_start	n/a	n/a	n/a	n/a	n/a	n/a	n/a
1053.285	0.000	trigger_11	11	1053285	Trigger-In:11	109	fixation_point_on	n/a	n/a	n/a	n/a	n/a	n/a	n/a
1053.885	0.000	trigger_21	21	1053885	Trigger-In:21	109	grating_on	n/a	n/a	n/a	n/a	n/a	n/a	n/a
1053.940	0.000	trigger_20	20	1053940	Trigger-In:20	109	grating_off	n/a	n/a	n/a	n/a	n/a	n/a	n/a
1054.540	0.000	trigger_31	31	1054540	Trigger-In:31	109	targets_on_fp_color_change	n/a	n/a	n/a	n/a	n/a	n/a	n/a
1055.200	0.000	trigger_201	201	1055200	Trigger-In:201	109	trial_end_completed	n/a	n/a	n/a	n/a	n/a	n/a	n/a
1056.265	0.000	trigger_101	101	1056265	Trigger-In:101	110	trial_start	n/a	n/a	n/a	n/a	n/a	n/a	n/a
1056.370	0.000	trigger_11	11	1056370	Trigger-In:11	110	fixation_point_on	n/a	n/a	n/a	n/a	n/a	n/a	n/a
1056.970	0.000	trigger_21	21	1056970	Trigger-In:21	110	grating_on	n/a	n/a	n/a	n/a	n/a	n/a	n/a
1057.025	0.000	trigger_20	20	1057025	Trigger-In:20	110	grating_off	n/a	n/a	n/a	n/a	n/a	n/a	n/a
1057.625	0.000	trigger_31	31	1057625	Trigger-In:31	110	targets_on_fp_color_change	n/a	n/a	n/a	n/a	n/a	n/a	n/a
1058.385	0.000	trigger_201	201	1058385	Trigger-In:201	110	trial_end_completed	n/a	n/a	n/a	n/a	n/a	n/a	n/a
1059.455	0.000	trigger_101	101	1059455	Trigger-In:101	111	trial_start	n/a	n/a	n/a	n/a	n/a	n/a	n/a
1059.560	0.000	trigger_11	11	1059560	Trigger-In:11	111	fixation_point_on	n/a	n/a	n/a	n/a	n/a	n/a	n/a
1060.160	0.000	trigger_21	21	1060160	Trigger-In:21	111	grating_on	n/a	n/a	n/a	n/a	n/a	n/a	n/a
1060.210	0.000	trigger_20	20	1060210	Trigger-In:20	111	grating_off	n/a	n/a	n/a	n/a	n/a	n/a	n/a
1060.810	0.000	trigger_31	31	1060810	Trigger-In:31	111	targets_on_fp_color_change	n/a	n/a	n/a	n/a	n/a	n/a	n/a
1061.400	0.000	trigger_201	201	1061400	Trigger-In:201	111	trial_end_completed	n/a	n/a	n/a	n/a	n/a	n/a	n/a
1062.470	0.000	trigger_101	101	1062470	Trigger-In:101	112	trial_start	n/a	n/a	n/a	n/a	n/a	n/a	n/a
1062.570	0.000	trigger_11	11	1062570	Trigger-In:11	112	fixation_point_on	n/a	n/a	n/a	n/a	n/a	n/a	n/a
1063.175	0.000	trigger_21	21	1063175	Trigger-In:21	112	grating_on	n/a	n/a	n/a	n/a	n/a	n/a	n/a
1063.225	0.000	trigger_20	20	1063225	Trigger-In:20	112	grating_off	n/a	n/a	n/a	n/a	n/a	n/a	n/a
1063.825	0.000	trigger_31	31	1063825	Trigger-In:31	112	targets_on_fp_color_change	n/a	n/a	n/a	n/a	n/a	n/a	n/a
1064.465	0.000	trigger_201	201	1064465	Trigger-In:201	112	trial_end_completed	n/a	n/a	n/a	n/a	n/a	n/a	n/a
1065.535	0.000	trigger_101	101	1065535	Trigger-In:101	113	trial_start	n/a	n/a	n/a	n/a	n/a	n/a	n/a
1065.635	0.000	trigger_11	11	1065635	Trigger-In:11	113	fixation_point_on	n/a	n/a	n/a	n/a	n/a	n/a	n/a
1066.235	0.000	trigger_21	21	1066235	Trigger-In:21	113	grating_on	n/a	n/a	n/a	n/a	n/a	n/a	n/a
1066.290	0.000	trigger_20	20	1066290	Trigger-In:20	113	grating_off	n/a	n/a	n/a	n/a	n/a	n/a	n/a
1066.890	0.000	trigger_31	31	1066890	Trigger-In:31	113	targets_on_fp_color_change	n/a	n/a	n/a	n/a	n/a	n/a	n/a
1067.580	0.000	trigger_201	201	1067580	Trigger-In:201	113	trial_end_completed	n/a	n/a	n/a	n/a	n/a	n/a	n/a
1068.650	0.000	trigger_101	101	1068650	Trigger-In:101	114	trial_start	n/a	n/a	n/a	n/a	n/a	n/a	n/a
1068.755	0.000	trigger_11	11	1068755	Trigger-In:11	114	fixation_point_on	n/a	n/a	n/a	n/a	n/a	n/a	n/a
1069.355	0.000	trigger_21	21	1069355	Trigger-In:21	114	grating_on	n/a	n/a	n/a	n/a	n/a	n/a	n/a
1069.405	0.000	trigger_20	20	1069405	Trigger-In:20	114	grating_off	n/a	n/a	n/a	n/a	n/a	n/a	n/a
1070.005	0.000	trigger_31	31	1070005	Trigger-In:31	114	targets_on_fp_color_change	n/a	n/a	n/a	n/a	n/a	n/a	n/a
1070.725	0.000	trigger_201	201	1070725	Trigger-In:201	114	trial_end_completed	n/a	n/a	n/a	n/a	n/a	n/a	n/a
1071.800	0.000	trigger_101	101	1071800	Trigger-In:101	115	trial_start	n/a	n/a	n/a	n/a	n/a	n/a	n/a
1071.900	0.000	trigger_11	11	1071900	Trigger-In:11	115	fixation_point_on	n/a	n/a	n/a	n/a	n/a	n/a	n/a
1072.500	0.000	trigger_21	21	1072500	Trigger-In:21	115	grating_on	n/a	n/a	n/a	n/a	n/a	n/a	n/a
1072.555	0.000	trigger_20	20	1072555	Trigger-In:20	115	grating_off	n/a	n/a	n/a	n/a	n/a	n/a	n/a
1073.155	0.000	trigger_31	31	1073155	Trigger-In:31	115	targets_on_fp_color_change	n/a	n/a	n/a	n/a	n/a	n/a	n/a
1073.840	0.000	trigger_201	201	1073840	Trigger-In:201	115	trial_end_completed	n/a	n/a	n/a	n/a	n/a	n/a	n/a
1074.910	0.000	trigger_101	101	1074910	Trigger-In:101	116	trial_start	n/a	n/a	n/a	n/a	n/a	n/a	n/a
1075.010	0.000	trigger_11	11	1075010	Trigger-In:11	116	fixation_point_on	n/a	n/a	n/a	n/a	n/a	n/a	n/a
1075.610	0.000	trigger_21	21	1075610	Trigger-In:21	116	grating_on	n/a	n/a	n/a	n/a	n/a	n/a	n/a
1075.660	0.000	trigger_20	20	1075660	Trigger-In:20	116	grating_off	n/a	n/a	n/a	n/a	n/a	n/a	n/a
1076.260	0.000	trigger_31	31	1076260	Trigger-In:31	116	targets_on_fp_color_change	n/a	n/a	n/a	n/a	n/a	n/a	n/a
1076.945	0.000	trigger_201	201	1076945	Trigger-In:201	116	trial_end_completed	n/a	n/a	n/a	n/a	n/a	n/a	n/a
1078.015	0.000	trigger_101	101	1078015	Trigger-In:101	117	trial_start	n/a	n/a	n/a	n/a	n/a	n/a	n/a
1078.125	0.000	trigger_11	11	1078125	Trigger-In:11	117	fixation_point_on	n/a	n/a	n/a	n/a	n/a	n/a	n/a
1078.725	0.000	trigger_21	21	1078725	Trigger-In:21	117	grating_on	n/a	n/a	n/a	n/a	n/a	n/a	n/a
1078.775	0.000	trigger_20	20	1078775	Trigger-In:20	117	grating_off	n/a	n/a	n/a	n/a	n/a	n/a	n/a
1079.375	0.000	trigger_31	31	1079375	Trigger-In:31	117	targets_on_fp_color_change	n/a	n/a	n/a	n/a	n/a	n/a	n/a
